Name,Competitors Sold Here,Astra Prospect?,Type,Address,City / Region,Phone,Email,Contact Page,Instagram,Website,Open Times,Status,Last Contacted,Notes / Warm Intros,Needs Review,Source
LOVE EATS,NON,,Grocery Store,"10 Amagansett Square Unit B, Amagansett, NY 11930","Amagansett, NY",(631) 557-3038,info@loveeats.com,,,https://www.loveeats.com/,,Not contacted,,,,Competitor list
AITA,Unified Ferments,Yes,Italian Restaurant,"132 Greene Ave, Brooklyn, NY 11238","Brooklyn, NY",(718) 576-3584,aitaclintonhill@gmail.com,,,aitaclintonhill.com,,Not contacted,,,,Competitor list + Retail leads tab
Anais,,Yes,Wine bar,"196 Bergen St #2, Brooklyn, NY 11217","Brooklyn, NY",(718) 513-9176,hello@anaisbk.com,,,https://www.anaisbk.com/,,Not contacted,,,,Competitor list + Retail leads tab
ASKA,Unified Ferments,,Scandinavian Restaurant,"47 S 5th St, Brooklyn, NY 11249, USA","Brooklyn, NY",(934) 732-3710,reservations@askanyc.com,,,,,Not contacted,,,,Competitor list + Retail leads tab
Banter Bar,,Yes,Pub,"132 Havemeyer St, Brooklyn, NY 11211","Brooklyn, NY",(347) 457-6621,chris@banterbrooklyn.com,,,https://banterbrooklyn.com/,,Not contacted,,,,Competitor list + Retail leads tab
BAR BEDFORD,NON,,Bar,"353 Bedford Avenue, New York, New York 11211","Brooklyn, NY",(929) 489-0150,,https://www.barbedford.com/contact-inquire/,,https://www.barbedford.com/,,Not contacted,,,,Competitor list
Bar Laika,,Yes,Wine bar,"224 Greene Ave, Brooklyn, NY 11238","Brooklyn, NY",(347) 529-4321,laika@e-flux.com,,,www.laika.bar,,Not contacted,,,,Competitor list + Retail leads tab
BAR MADONNA,NON,,Restaurant,"367 Metropolitan Avenue, New York, New York 11211","Brooklyn, NY",(347) 987-4545,reservations@barmadonna.com,,,https://barmadonna.com/,,Not contacted,,,,Competitor list
Bathouse Williamsburg,Unified Ferments,,Suana,"103 North 10th Street, Brooklyn, NY, 11249","Brooklyn, NY",(929) 489-2284,williamsburg@abathhouse.com,,,abathhouse.com,,Not contacted,,,,Competitor list + Retail leads tab
BIG NIGHT Greenpoint,Unified Ferments,,Retail Store for dinner parties,"154, Franklin Street, Greenpoint, Brooklyn, Kings County, New York, 11222, United States","Brooklyn, NY",(347) 725-3041,vendors@shopbignight.com,,,bignightbk.com,,Not contacted,,,,Competitor list + Retail leads tab
BONNIES,Unified Ferments,,Chinese Restaurant,"398 Manhattan Ave, Brooklyn, NY 11211, USA","Brooklyn, NY",(914) 875-3709,hello@bonniesbrooklyn.com,,,bonniesbrooklyn.com,,Not contacted,,,,Competitor list + Retail leads tab
BUZZ FREE,NON,,Convenience Store,"679 5th Avenue, New York, New York 11215","Brooklyn, NY",(718) 219-7828,buzzfree679@gmail.com,,,https://www.buzzfreenyc.com/,,Not contacted,,Non Alc Store!,,Competitor list
CAFE RUE DIX,Unified Ferments,,West African restaurant,"Cafe Rue Dix, 1451, Bedford Avenue, Brooklyn, Kings County, New York, 11216, United States","Brooklyn, NY",(929) 234-2543,cafe@ruedixbrooklyn.com,,,https://www.ruedixbrooklyn.com/,,Not contacted,,,,Competitor list + Retail leads tab
CAMPBELL CHEESE AND GROCERY Greenpoint,Unified Ferments,,Sandwich shop,"209 Nassau Ave. Brooklyn, NY 11222","Brooklyn, NY",(718) 269-4147,info@campbellcheese.com,,,https://campbellandco.nyc/campbell-cheese-502lorimer/,,Not contacted,,,,Competitor list + Retail leads tab
CAMPBELL CHEESE AND GROCERY Williamsburg,Unified Ferments,,Sandwich shop,"502 Lorimer St, Brooklyn, NY 11211","Brooklyn, NY",(718) 387-2267,info@campbellcheese.com,,,https://campbellandco.nyc/campbell-cheese-502lorimer/,,Not contacted,,,,Competitor list + Retail leads tab
Carmelo's,,Yes,Bar,"1544 Dekalb Ave, Brooklyn, NY 11237","Brooklyn, NY",,Carmelosbushwick@gmail.com,,,https://carmelosbushwick.teamdexter.com/,,Not contacted,,,,Competitor list + Retail leads tab
CHEESE PLATE BROOKLYN,"NON, Unified Ferments",,Food Store,"400 7th Avenue, New York, New York 11215","Brooklyn, NY",(929) 434-9937,,https://www.cheeseplatebrooklyn.com/contact,,www.cheeseplatebrooklyn.com,,Not contacted,,,,Competitor list + Retail leads tab
Cheeseplate Brooklyn,Unified Ferments,,Cheese shop,"323 Court St, Brooklyn, NY 11231, USA","Brooklyn, NY",,,https://www.cheeseplatebrooklyn.com/contact,,https://www.cheeseplatebrooklyn.com/,,Not contacted,,,,Competitor list + Retail leads tab
CHERRY ON TOP,Unified Ferments,,Wine Bar,"379 Suydam Street, Brooklyn, NY, 11237","Brooklyn, NY",,hello@cherryontopnyc.com,,,https://www.cherryontopnyc.com/,,Not contacted,,,,Competitor list + Retail leads tab
CHEZ MA TANTE,Unified Ferments,,Bistro,"90 Calyer St, Brooklyn, NY 11222","Brooklyn, NY",(718) 389-3606,info@chezmatantebk.com,,,https://chezmatantebk.com/CONTACT-US,,Not contacted,,,,Competitor list + Retail leads tab
CHEZ OSKAR,NON,,French Restaurant,"373 Decatur Street, New York, New York 11233","Brooklyn, NY",(718) 852-6250,Chezoskar310@gmail.com,,,www.chezoskar.com,,Not contacted,,,,Competitor list
Clover Club,,Yes,Bar,"210 Smith St, Brooklyn, NY 11201","Brooklyn, NY",(718) 855-7939,info@cloverclubny.com,,,cloverclubny.com,,Not contacted,,,,Competitor list + Retail leads tab
COVENHOVEN,Unified Ferments,,Bar,"730 Classon Ave, Brooklyn, NY 11238","Brooklyn, NY",(718) 483-9950,"covenhoven@gmail.com, management@covenhoven.com",,,www.covenhovennyc.com,,Not contacted,,,,Competitor list + Retail leads tab
DEAR FRIEND BOOKS,Unified Ferments,,Book Store + Wine Bar,"Dear Friend Books, 343A, Tompkins Avenue, Bedford-Stuyvesant, Brooklyn, Kings County, New York, 11221, United States","Brooklyn, NY",,studio@dearfriendbooks.com,,,https://www.dearfriendbooks.com/,,Not contacted,,,,Competitor list + Retail leads tab
Depanneur,Savoure,,Market,"242 Wythe Ave, Brooklyn, NY 11249","Brooklyn, NY",(718) 989-1022,Info@depanneurwines.com,,,https://www.depanneurwines.com/,,Not contacted,,,,Competitor list + Retail leads tab
Dinner Party,Unified Ferments,,New American restaurant,"274 Hall St, Brooklyn, NY 11205, USA","Brooklyn, NY",(347) 463-9173,rsvp@dinnerpartybk.com,,,https://www.dinnerpartybk.com/food,,Not contacted,,,,Competitor list + Retail leads tab
Doris,,Yes,Bar,"1088 Fulton St, Brooklyn, NY 11238","Brooklyn, NY",(347) 240-3350,dorisbedstuy@gmail.com,,,dorisbedstuy.com,,Not contacted,,,,Competitor list + Retail leads tab
Entre Nous,,Yes,Wine bar,"39 Clifton Pl, Brooklyn, NY 11238","Brooklyn, NY",(347) 294-4186,bonsoir@entrenousbrooklyn.com,,,www.entrenousbrooklyn.com,,Not contacted,,,,Competitor list + Retail leads tab
FOOD GARDEN MARKET Store 1,NON,,Supermarket,"102 4th Ave, Brooklyn, New York 11217","Brooklyn, NY",(929) 337-1828,info@foodgardenmarket.com,,,foodgardenmarket.com,,Not contacted,,,,Competitor list
FOOD GARDEN MARKET Store 2,NON,,Supermarket,"608 Franklin Avenue, New York, New York 11238","Brooklyn, NY",(718) 399-1529,info@foodgardenmarket.com,,,foodgardenmarket.com,,Not contacted,,,,Competitor list
FOSTER SUNDRY,Unified Ferments,,Grocery & butcher shop,"215 Knickerbocker Ave, Brooklyn, NY 11237","Brooklyn, NY",(718) 569-8426,info@fostersundry.com,,,https://www.fostersundry.com/,,Not contacted,,sick small business - worth a tour!,,Competitor list + Retail leads tab
FOUR HORSEMEN,Unified Ferments,,Restaurant,"295 Grand St, Brooklyn, NY 11211","Brooklyn, NY",,info@fourhorsemenbk.com,,,www.fourhorsemenbk.com,,Not contacted,,,,Competitor list + Retail leads tab
Frog Wine Bar,,Yes,Wine bar,"358 Marcus Garvey Blvd, Brooklyn, NY 11221","Brooklyn, NY",(585) 456-1050,,,https://www.instagram.com/frogwinebar/?hl=en,,,Not contacted,,,,Competitor list + Retail leads tab
GAGE & TOLLNER,NON,,American Restaurant,"372 Fulton Mall, Brooklyn, NY, 11201","Brooklyn, NY",(347) 689-3677,,https://www.gageandtollner.com/contact-us/,,www.gageandtollner.com,,Not contacted,,,,Competitor list
George and Jack's Tap Room,,Yes,Pub,"103 Berry St, Brooklyn, NY 11211","Brooklyn, NY",(212) 555-1212,,,https://www.instagram.com/georgeandjacks/?hl=en,,,Not contacted,,,,Competitor list + Retail leads tab
GERTIE,Unified Ferments,,Deli,"602 Vanderbilt Ave, Brooklyn, NY 11238","Brooklyn, NY",,tavo@districtonestudios.com,,,https://www.gertie.nyc/contact,,Not contacted,,jewish deli,,Competitor list + Retail leads tab
HANA MAKGEOLLI,Unified Ferments,,Brewery,"201 Dupont Street, Brooklyn, NY, 11222","Brooklyn, NY",,contact@hanamakgeolli.com,,,https://www.hanamakgeolli.com/,,Not contacted,,very cool! And worth a tour,,Competitor list + Retail leads tab
HOTEL DELMANO,Unified Ferments,,Bar,"82 Berry St, Brooklyn, NY 11211","Brooklyn, NY",(718) 387-1945,info@hoteldelmano.com,,,https://hoteldelmano.com/contact/,,Not contacted,,,,Competitor list + Retail leads tab
INSA,Unified Ferments,,Korean barbecue restaurant,"328 Douglass St, Brooklyn, NY 11217","Brooklyn, NY",(718) 855-2620,info@insabrooklyn.com,,,www.insabrooklyn.com,,Not contacted,,,,Competitor list + Retail leads tab
JUNE,Unified Ferments,,Restaurant + Wine Bar,"231 Court St, Brooklyn, NY 11201","Brooklyn, NY",(917) 909-0434,tom@junebk.com,,,www.junebk.com,,Not contacted,,,,Competitor list + Retail leads tab
KEY FOOD STORE #1830,NON,,Supermarket,"8772 18th Avenue, Brooklyn, NY 11214","Brooklyn, NY",(718) 331-5080,,,,https://www.keyfood.com/stores/1160,,Not contacted,,,,Competitor list
L'Apero by 4F,,Yes,Wine bar,"115 Montague St, Brooklyn, NY 11201","Brooklyn, NY",(347) 599-0006,info@lappartement4f.com,,,https://www.lappartement4f.com/?srsltid=AfmBOoqZKnI3dVxv1rwIYdB2Xpm1Vb2uboNtIUswpxA_MN4k9qIdy-TS,,Not contacted,,,,Competitor list + Retail leads tab
LA VARA,Unified Ferments,,Spanish restaurant,"268 Clinton St, Brooklyn, NY 11201","Brooklyn, NY",(718) 422-0065,Rob@lavarany.com,,,www.lavarany.com,,Not contacted,,,,Competitor list + Retail leads tab
Lea Brooklyn,Savoure,,Market,"1022 Cortelyou Rd, Brooklyn, NY 11218","Brooklyn, NY",(718) 928-7100,info@leabrooklyn.com,,,www.leabrooklyn.com,,Not contacted,,,,Competitor list + Retail leads tab
Lilia,,Yes,Restaurant,"567 Union Ave, Brooklyn, NY 11211","Brooklyn, NY",(718) 576-3095,,https://www.lilianewyork.com/contact/,,www.lilianewyork.com,,Not contacted,,,,Competitor list + Retail leads tab
LunAtico,,Yes,Bar,"486 Halsey St, Brooklyn, NY 11233","Brooklyn, NY",(718) 513-0339,office@barlunatico.com,,,www.barlunatico.com,,Not contacted,,,,Competitor list + Retail leads tab
MINUS MOONSHINE,"NON, Unified Ferments",,Non Alc Store,"433 Sterling Place, New York, New York 11238","Brooklyn, NY",(914) 485-7502,info@minusmoonshine.com,,,minusmoonshine.com,,Not contacted,,Great one! Small indepdent locally owned non alcholic spirts,,Competitor list + Retail leads tab
MINUS MOONSHINE Greenpoint,Unified Ferments,,Non Alc Store,"257 Driggs Ave, Brooklyn, NY 11222","Brooklyn, NY",(347) 227-7522,info@minusmoonshine.com,,,minusmoonshine.com,,Not contacted,,two locations greenpoint + Prospect heihgts,,Competitor list + Retail leads tab
Misi,,Yes,Restaurant,"329 Kent Ave, Brooklyn, NY 11249","Brooklyn, NY",(347) 566-3262,info@misinewyork.com,,,www.misinewyork.com,,Not contacted,,,,Competitor list + Retail leads tab
Misipasta,,Yes,Cafe,"46 Grand St, Brooklyn, NY 11249","Brooklyn, NY",(347) 844-6474,info@misipasta.com,,,www.misipasta.com,,Not contacted,,,,Competitor list + Retail leads tab
MISS ADA,Unified Ferments,,Mediterranean restaurant,"184 Dekalb Ave, Brooklyn, NY 11205","Brooklyn, NY",,INFO@MISSADANYC.COM,,,www.missadanyc.com,,Not contacted,,Michelin Bib Gourmand,,Competitor list + Retail leads tab
NIN HAO,NON,,Chinese Restaurant,"610 Dean Street, New York, New York 11238","Brooklyn, NY",(718) 399-3232,joy@ninhaonyc.com,,,https://www.ninhaonyc.com/,,Not contacted,,,,Competitor list
Ornithology Jazz Club,,Yes,Bar,"6 Suydam St, Brooklyn, NY 11221","Brooklyn, NY",(917) 231-4766,ornithologycocktail@gmail.com,,,www.ornithologyjazzclub.com,,Not contacted,,,,Competitor list + Retail leads tab
OSTUDIO,Unified Ferments,,Wine Bar + Community Gathering,"366 Stockton St, Brooklyn, NY 11206","Brooklyn, NY",,ostudio@ostudiony.com,,,www.ostudiony.com/ocafe,,Not contacted,,could be a cool venue to collab with Zach on,,Competitor list + Retail leads tab
Park Slope Food Coop,Savoure,,Food coop,"782 Union St, Brooklyn, NY 11215","Brooklyn, NY",(718) 622-0560,missions@psfc.coop,,,www.foodcoop.com,,Not contacted,,,,Competitor list + Retail leads tab
PEARL STREET SUPPER CLUB,Unified Ferments,,Raw Bar & Restaurant,"147 Front Street, Brooklyn, NY, 11201","Brooklyn, NY",(407) 449-5307,hello@pearlstrestaurant.com,,,https://www.pearlstrestaurant.com/,,Not contacted,,,,Competitor list + Retail leads tab
Place Des Fetes,,Yes,Restaurant,"212 Greene Ave, Brooklyn, NY 11238","Brooklyn, NY",(718) 857-0101,,https://www.pdfnyc.com/contact/,,www.pdfnyc.com,,Not contacted,,,,Competitor list + Retail leads tab
POPINA,NON,,Italian Restaurant,"127 Columbia Street, New York, New York 11231","Brooklyn, NY",(718) 222-1901,,https://www.popinanyc.com/contact/,,www.popinanyc.com,,Not contacted,,,,Competitor list
Prima,,Yes,Cafe/wine bar,"147 Greene Ave, Brooklyn, NY 11238","Brooklyn, NY",(718) 789-7890,,,,https://www.primabrooklyn.com/,,Not contacted,,love this vibe,,Competitor list + Retail leads tab
Public Records,Savoure,,Bar/venue,"233 Butler St, Brooklyn, NY 11217","Brooklyn, NY",(347) 529-4869,hello@publicrecords.nyc,,,publicrecords.nyc,,Not contacted,,"max has a contact at ""Alright Studios"" which does work for public records (warm intro)",,Competitor list + Retail leads tab
R&D Goods,NON,,Home Goods Store,"600 Vanderbilt Avenue, New York, New York 11238","Brooklyn, NY",(347) 897-6202,rdgoodsbklyn@gmail.com,,,https://rdgoodsbklyn.com/pages/contact,,Not contacted,,,,Competitor list
Radegast Hall,,Yes,Pub,"113 N 3rd St, Brooklyn, NY 11249","Brooklyn, NY",(718) 963-3973,info@radegasthall.com,,,https://radegasthall.com/contact/,,Not contacted,,,,Competitor list + Retail leads tab
Rhodora,Unified Ferments,Yes,Wine bar,"197 Adelphi St, Brooklyn, NY 11205","Brooklyn, NY",,hello@rhodorabk.com,,,https://www.rhodorabk.com/,,Not contacted,,cool website,,Competitor list + Retail leads tab
RIALTO GRANDE,Unified Ferments,,Bar,"644 Franklin Ave, Brooklyn, NY 11238","Brooklyn, NY",,rialtogrande+events@gmail.com,,,www.rialtogrande.com,,Not contacted,,,,Competitor list + Retail leads tab
ROBERTA'S,Unified Ferments,,Pizza Restaurant,"261 Moore St, Brooklyn, NY 11206","Brooklyn, NY",(718) 417-1118,info@robertaspizza.com,,,https://www.robertaspizza.com/,,Not contacted,,chain,,Competitor list + Retail leads tab
SAA,NON,,Club/Event Space,"154 Scott Avenue, New York, New York 11237","Brooklyn, NY",,membership@saa.nyc,,@saabrooklyn,https://www.saa.nyc/,,Not contacted,,,,Competitor list
Sahadi's,NON,,Grocery Store,"187 Atlantic Avenue, New York, New York 11201","Brooklyn, NY",(718) 624-4550,,https://sahadis.com/pages/contact,,sahadis.com,,Not contacted,,,,Competitor list
SAINT JAMES LIBATIONS,NON,,Wine Bar,"269 Stanhope St, Brooklyn, NY 11237","Brooklyn, NY",(646) 807-9190,mgmt@saintjameslibations.com,,,https://saintjameslibations.com/,,Not contacted,,,,Competitor list
SAINT JULIVERT,Unified Ferments,,Spanish + Japanease Seafood,"264 Clinton St, Brooklyn, NY 11201","Brooklyn, NY",(347) 987-3710,hello@saintjulivertbk.com,,,www.saintjulivertbk.com,,Not contacted,,,,Competitor list + Retail leads tab
Sauced,,Yes,Wine bar,"331 Bedford Ave, Brooklyn, NY 11211","Brooklyn, NY",(929) 492-4758,,https://www.saucedbklyn.com/pages/contact,,www.saucedbklyn.com,,Not contacted,,,,Competitor list + Retail leads tab
SIGNAL,NON,,Night Club,"175 Morgan Avenue, New York, New York 11206","Brooklyn, NY",,,https://www.signalnyc.club/about,,www.signalnyc.club,,Not contacted,,,,Competitor list
SISTERS,Unified Ferments,,New American,"900 Fulton St, Brooklyn, NY 11238","Brooklyn, NY",(347) 763-2537,SISTERSBKLYN@GMAIL.COM,,,https://www.sistersbklyn.com/contact/,,Not contacted,,,,Competitor list + Retail leads tab
Soft Bar,,Yes,Non-alc dedicated bar + cafe,"200 Banker St, Brooklyn, NY 11222","Brooklyn, NY",,hello@soft-bar.com,,,https://soft-bar.com/,,Not contacted,,,,Competitor list + Retail leads tab
Still Life,,Yes,Coffee house / art space,"573 Sackett St, Brooklyn NY","Brooklyn, NY",,info@stilllifecafe.com,,,www.stilllifecafe.com,,Not contacted,,,,Retail leads tab
SU'JUK,NON,,Clothing Store,"216 Greene Avenue, New York, New York 11238","Brooklyn, NY",(914) 573-7545,,https://www.sujukbk.com/pages/contact,,www.sujukbk.com,,Not contacted,,,,Competitor list
SUNRISE/SUNSET,Unified Ferments,,Bar,"351 Evergreen Ave, Brooklyn, NY 11221","Brooklyn, NY",(347) 442-5880,sunrisesunsetmgmt@gmail.com,,,www.sunrisesunsetbk.com,,Not contacted,,,,Competitor list + Retail leads tab
The Coyote Club,,Yes,Bar,"417 Throop Ave, Brooklyn, NY 11221","Brooklyn, NY",,thecoyoteclubbrooklyn@gmail.com,,https://www.instagram.com/thecoyoteclub_bk/?hl=en,,,Not contacted,,"cash only, no email, check insta vibes",,Competitor list + Retail leads tab
THE FLY,Unified Ferments,,Resturant Bar,"549 Classon Avenue, Brooklyn, NY, 11238","Brooklyn, NY",(347) 405-5300,hello@theflybrooklyn.com,,,https://www.theflybrooklyn.com/,,Not contacted,,vibey spot,,Competitor list + Retail leads tab
TONCHIN Williamsburg,Unified Ferments,,Japanese Restaurant,"109 N 3rd St, Brooklyn, NY 11249","Brooklyn, NY",(929) 552-5396,info@tonchinbrooklyn.com,,,www.tonchinus.com,,Not contacted,,,,Competitor list + Retail leads tab
Twins Lounge,,Yes,Bar/lounge,"732 Manhattan Ave, Brooklyn, NY 11222","Brooklyn, NY",,twinsloungenyc@gmail.com,,www.instagram.com/twinsloungenyc,,,Not contacted,,,,Competitor list + Retail leads tab
VINEGAR HILL HOUSE,Unified Ferments,,New American,"72 Hudson Ave, Brooklyn, NY 11201","Brooklyn, NY",(718) 522-1018,info@vinegarhillhouse.com,,,www.vinegarhillhouse.com,,Not contacted,,,,Competitor list + Retail leads tab
WEN WEN,Unified Ferments,,Taiwanese,"1025 Manhattan Avenue, Brooklyn, NY, 11222","Brooklyn, NY",(646) 901-5644,wenwen@eighteightsix.com,,,https://www.wenwenbrooklyn.com/,,Not contacted,,,,Competitor list + Retail leads tab
WIN SON,Unified Ferments,,Taiwanease Restaurant,"159 Graham Ave, Brooklyn, NY 11206","Brooklyn, NY",(347) 457-6010,info@winsonbrooklyn.com,,,www.winsonbrooklyn.com,,Not contacted,,,,Competitor list + Retail leads tab
With Others,,Yes,Wine bar,"340 Bedford Ave, Brooklyn, NY 11249","Brooklyn, NY",(929) 389-0807,shanna@withothersbrooklyn.com,,,www.withothersbrooklyn.com,,Not contacted,,,,Competitor list + Retail leads tab
EXTRA EXTRA PIZZA,Unified Ferments,,Pizza Restaurant,"549 West Utica Street, Buffalo, NY, 14213","Buffalo, NY",(716) 248-2994,extraextrapizza549@gmail.com,,,https://www.extraextrapizza.com/,,Not contacted,,,,Competitor list + Retail leads tab
DrySpace Beverage,NON,,Liquor Store,"37 Cedar St, Dobbs Ferry, NY 10522","Dobbs Ferry, NY",,,,https://www.instagram.com/dryspacebev/,https://dryspacebev.com/,,Not contacted,,,,Competitor list
MAIDSTONE ARMS,NON,,Hotel,"207 Main St, East Hampton, NY 11937","East Hampton, NY",(631) 324-5006,ciao@themaidstone.com,,,https://themaidstone.com/,,Not contacted,,,,Competitor list
KINDRED FARE,Unified Ferments,,American Restaurant,"512 Hamilton Street, Geneva, NY, 14456","Geneva, NY",(315) 787-0400,,https://kindredfare.com/contact,,kindredfare.com,,Not contacted,,,,Competitor list + Retail leads tab
Nowadays,,Yes,Bar/club,"56-06 Cooper Ave, Glendale, NY 11385","Glendale, NY",,hello@nowadays.nyc,,,https://nowadays.nyc/about/,,Not contacted,,,,Competitor list + Retail leads tab
HUDSON DRY,NON,,Store,"421 Warren St, Hudson, NY 12534","Hudson, NY",(518) 660-0421,Melissa@rubypr.com,,,https://hudsondry.com/,,Not contacted,,,,Competitor list
LIL DEB'S OASIS,Unified Ferments,,Pan-Latin restaurant,"747 Columbia Street, City of Hudson, NY, 12534","Hudson, NY",(518) 828-4307,hello@lildebsoasis.com,,,www.lildebsoasis.com,,Not contacted,,closing October 12th,Closing Oct 12,Competitor list + Retail leads tab
Pocketbook Market,,Yes,Market,"549 Washington St, Hudson, NY 12534","Hudson, NY",,reservations@pocketbookhudson.com,,,https://www.pocketbookhudson.com/shops,,Not contacted,,,,Competitor list + Retail leads tab
Talbott & Arding,Savoure,,Market,"202 Allen St, Hudson, NY 12534","Hudson, NY",(518) 828-3558,info@talbottandarding.com,,,https://talbottandarding.com/,,Not contacted,,,,Competitor list + Retail leads tab
MAIN STREET FARM,NON,,Cafe,"36 Main St Unit B & C, Livingston Manor, NY 12758","Livingston Manor, NY",(845) 439-4309,info@mainstreetfarm.com,,,mainstreetfarm.com,,Not contacted,,,,Competitor list
Burden of Proof,,Yes,N/a bottle shop,"1012 Mission Street, Unit B, South Pasadena, CA 91030","Los Angeles, CA",626) 671-3175,burdenofproofna@gmail.com,,,,,Not contacted,,"Dean Peterson is a co-owner, was featured in this video",,Retail leads tab
Air HQ,,Yes,Software company with pop-up space,"3 Howard St, New York, NY 10013","New York, NY",(419) 902-7392,,,,https://air.inc/about,,Not contacted,,Alt phone from retail tab: (212) 920-1426; Venus sent open call message in Libi community chat for their cafe window which is open for applications for later half of 2026 and 2027. open to beverages,,Competitor list + Retail leads tab
ALISON (East Harlem),Unified Ferments,,American restaurant,"1651 Lexington Ave, New York, NY 10029, USA","New York, NY",(646) 876-1054,info@alisonny.com,,,alisonny.com,,Not contacted,,,,Competitor list + Retail leads tab
ALISON (East Village),Unified Ferments,,American restaurant,"110 St Marks Pl, New York, NY 10009","New York, NY",(646) 410-0732,info@alisonny.com,,,alisonny.com,,Not contacted,,,,Competitor list + Retail leads tab
AMAN HOTEL,NON,,Hotel,"724 5th Avenue, New York, New York 10019","New York, NY",(754) 216-7830,reservations@aman.com,,,,,Not contacted,,,,Competitor list
AMAN NEW YORK,Unified Ferments,,Hotel,"730 5th Avenue, Manhattan, NY, 10019","New York, NY",(212) 970-2626,reservations.ny@aman.com,,,https://www.aman.com/hotels/aman-new-york/contact-us,,Not contacted,,,,Competitor list + Retail leads tab
AMOR Y AMARGO,NON,,Bar,"97 Avenue A, New York, New York 10009","New York, NY",(833) 328-4588,speakup@overthrowhospitality.com,,,https://www.amoryamargo.com/,,Not contacted,,,,Competitor list
ARDESIA,NON,,Wine Bar,"510 West 52nd Street, New York, New York 10019","New York, NY",(212) 247-9191,info@ardesia-ny.com,,,https://www.ardesia-ny.com/,,Not contacted,,,,Competitor list
AS IS,Unified Ferments,,Bar,"734 10th Avenue, Manhattan, NY, 10019","New York, NY",(646) 858-1153,info@asisnyc.com,,,https://www.asisnyc.com/,,Not contacted,,,,Competitor list + Retail leads tab
ATOBOY,Unified Ferments,,Korean Restaurant,"43 E 28th St, New York, NY 10016","New York, NY",(646) 476-7217,info@atoboynyc.com,,,www.atoboynyc.com,,Not contacted,,,,Competitor list + Retail leads tab
ATOMIX,"NON, Unified Ferments",,Korean Restaurant,"104 East 30th Street, New York, New York 10016","New York, NY",,info@atomixnyc.com,,,https://www.atomixnyc.com/,,Not contacted,,,,Competitor list + Retail leads tab
AVERY FISHER HALL/ Davud Geffen Hall,NON,,Performing Arts Theater,"10 Lincoln Center Plaza, New York, NY 10023","New York, NY",(212) 875-5656,guestexperience@lincolncenter.org,,,www.lincolncenter.org/venue/david-geffen-hall,,Not contacted,,,,Competitor list
BARN JOO NOMAD,NON,,Gastropub,"818 6th Avenue, New York, New York 10001","New York, NY",(917) 409-1637,info@barnjoonomad.com,,,www.barnjoonomad.com,,Not contacted,,,,Competitor list
BIG Night Upper East Side,Unified Ferments,,Retail Store for dinner parties,"1015 Lexington Ave, New York, NY 10021","New York, NY",(332) 205-3584,vendors@shopbignight.com,,,bignightbk.com,,Not contacted,,,,Competitor list + Retail leads tab
BIG NIGHT West Village,Unified Ferments,,Retail Store for dinner parties,"236 W 10th St, New York, NY 10014","New York, NY",(646) 370-6839,vendors@shopbignight.com,,,bignightbk.com,,Not contacted,,,,Competitor list + Retail leads tab
BLUE NOTE JAZZ CLUB,NON,,Live Music Venue,"131 West 3rd Street, New York, New York 10012","New York, NY",(212) 475-8592,,https://www.bluenotejazz.com/nyc/contact/,,www.bluenotejazz.com/nyc,,Not contacted,,,,Competitor list
BOBO RESTAURANT,NON,,French Restaurant,"181 West 10th Street, New York, New York 10014","New York, NY",(212) 488-2626,,https://www.bobonyc.com/contact/,,https://www.bobonyc.com/,,Not contacted,,,,Competitor list
BOTTLEROCKET WINE & SPIRIT,NON,,Liquor Store,"5 West 19th Street, Manhattan, NY, 10011","New York, NY",(212) 929-2323,rocketmail@bottlerocket.com,,,bottlerocket.com,,Not contacted,,,,Competitor list
Brookfield Place FOR FIVE COFFEE ROASTERS,NON,,Coffee Shop,"225 Liberty St, New York, NY 10281","New York, NY",(347) 531-0813,,https://www.forfivecoffee.com/contact/,,https://www.forfivecoffee.com/contact/,,Not contacted,,,,Competitor list
CHAMA MAMA,Unified Ferments,,Georgian restaurant,"373 Amsterdam Ave, New York, NY 10024","New York, NY",(917) 261-7430,info@chamamama.com,,,www.chamamama.com/location/chama-mama-uws,,Not contacted,,,,Competitor list + Retail leads tab
CHEZ FIFI,NON,,Restaurant,"140 East 74th Street, New York, New York 10021","New York, NY",,"reservations@chezfifinyc.com, events@chezfifinyc.com",,,https://www.chezfifinyc.com/,,Not contacted,,,,Competitor list
CLAUDETTE,NON,,French Restaurant,"24 Fifth Ave, New York, NY 10011, USA","New York, NY",(212) 868-2424,events@claudettenyc.com,,,www.claudettenyc.com,,Not contacted,,,,Competitor list
COMPAGNIE DE VINS,Unified Ferments,,Wine Bar,"249, Centre Street, New York, New York, 10013, United States","New York, NY",,reservation@compagnienyc.com,,,https://www.experimentalgroup.com/new-york/la-compagnie-centre-street,,Not contacted,,,,Competitor list + Retail leads tab
CROWN SHY,"NON, Unified Ferments",,American Restaurant,"70 Pine Street, Manhattan, NY, 10005","New York, NY",(212) 517-1932,info@crownshy.nyc,,,www.crownshy.nyc,,Not contacted,,,,Competitor list + Retail leads tab
Dimes Deli,Savoure,,Deli/market,"143 Division St, New York, NY 10002","New York, NY",(212) 240-9410,dimesmarket@dimesnyc.com,,,https://dimesnyc.com/deli,,Not contacted,,,,Competitor list + Retail leads tab
Dimes Market,,Yes,Market,"143 Division St, New York, NY 10002","New York, NY",(646) 870-5113,dimesmarket@dimesnyc.com,,@dimestimes,https://dimesnyc.com/market,,Not contacted,,,,Competitor list + Retail leads tab
EAST VILLAGE FARM,NON,,Grocery Store,"69 2nd Ave, New York, NY 10003","New York, NY",(212) 477-1385,,https://www.eastvillagemeatmarket.com/contact,,https://www.mercato.com/shop/east-village-farm-grocery?srsltid=AfmBOoqFiZfLRoqCfy4PJYV5mMd-QnM9j0KQ2jbfCxt9nbqWAqIuFlzr,,Not contacted,,,,Competitor list
EDITION HOTELS,NON,,Hotel,"5 Madison Avenue, Manhattan, NY, 10010","New York, NY",(212) 413-4200,info.nyc@editionhotels.com,,,https://www.editionhotels.com/,,Not contacted,,,,Competitor list
ELEVEN MADISON PARK,Unified Ferments,,Fine dining restaurant,"11 Madison Ave, New York, NY 10010","New York, NY",(212) 889-0905,infoemp@elevenmadisonpark.com,,,www.elevenmadisonpark.com,,Not contacted,,,,Competitor list + Retail leads tab
ESSENTIAL BY CHRISTOPHE,NON,,French Restaurant,"2178 Broadway, New York, New York 10024","New York, NY",(646) 478-7928,,https://www.essentialbychristophe.com/contact-essential-nyc/,,https://www.essentialbychristophe.com/,,Not contacted,,,,Competitor list
ETC VENUE,NON,,Event Venue,"East 54th Street, New York, New York 10022","New York, NY",(646) 844-6004,,,,https://convene.com/locations/new-york-city/601-lexington-avenue/,,Not contacted,,odd event espace,,Competitor list
FELICE 64,NON,,Italian Restaurant,"1166 1st avenue (at 64th street) - New York, NY 10065","New York, NY",(212) 593-2223,felice64@felicerestaurants.com,,,https://www.felicerestaurants.com/felice-64/,,Not contacted,,,,Competitor list
FREVO,NON,,Fine Dining Restaurant,"48 West 8th Street, New York, New York 10011","New York, NY",(646) 455-0804,,,,https://frevonyc.com/,,Not contacted,,,,Competitor list
Gem,Unified Ferments,Yes,Specialty grocery store,"181 Mott St, New York, NY 10012","New York, NY",,info@gemhomenyc.com,,,www.gemhomenyc.com,,Not contacted,,*stocks UF + NON,,Competitor list + Retail leads tab
GRAMERCY TAVERN,NON,,American Restaurant,"42 East 20th Street, New York, New York 10003","New York, NY",(212) 477-0777,gtavern@gramercytavern.com,,,www.gramercytavern.com,,Not contacted,,,,Competitor list
HAGS,NON,,Fine Dining Restaurant,"167 1st Avenue, New York, New York 10003","New York, NY",(845) 871-2252,info@hagsnyc.com,,,hagsnyc.com,,Not contacted,,,,Competitor list
HAPPIER GROCERY,NON,Yes,Grocery Store,"369 Canal Street, New York, New York 10013","New York, NY",(212) 837-8015,PARTNERSHIPS@HAPPIERGROCERY.COM,,,https://www.happiergrocery.com/,,Not contacted,,this one is cool!,,Competitor list + Retail leads tab
HOTEL ON RIVINGTON,NON,,Hotel,"107 Rivington Street, New York, New York 10002","New York, NY",(212) 475-2600,,https://www.hotelonrivington.com/contact/,,www.hotelonrivington.com,,Not contacted,,,,Competitor list
HUSO,NON,,Fine Dining Restaurant,"323A Greenwich Street, New York, NY 10013","New York, NY",(212) 931-4876,huso@husony.com,,,https://husony.com/contact-us/,,Not contacted,,,,Competitor list
ILILI Midtown,NON,,Lebanese Restaurant,"157 E 53rd St, New York, NY 10022","New York, NY",(646) 653-0330,midtowncontact@ililirestaurants.com,,,https://www.ililirestaurants.com/,,Not contacted,,,,Competitor list
ILILI Nomad,NON,,Lebanese Restaurant,"236 5th Ave, New York, NY 10001","New York, NY",(212) 683-2929,,https://www.ililirestaurants.com/contact/,,https://www.ililirestaurants.com/,,Not contacted,,,,Competitor list
Joyface,,Yes,Bar,"104 Loisaida Ave, New York, NY 10009","New York, NY",(917) 261-2166,info@joyface.nyc,,,www.joyface.nyc,,Not contacted,,,,Competitor list + Retail leads tab
JUA,NON,,Korean Restaurant,"36 East 22nd Street, New York, New York 10010","New York, NY",(646) 590-1598,info@juanyc.com,,,www.juanyc.com,,Not contacted,,,,Competitor list
KIKO,NON,,Asian Restaurant,"307 Spring Street, New York, New York 10013","New York, NY",,Info@kikonewyork.com,,,https://www.kikonewyork.com/about,,Not contacted,,,,Competitor list
Kingston Hall,,Yes,Bar,"149 2nd Ave, New York, NY 10003","New York, NY",,info@kingstonhall.com,,,www.kingstonhall.com,,Not contacted,,,,Competitor list + Retail leads tab
L ABEILLE,NON,,French Restaurant,"412 Greenwich Street, New York, New York 10013","New York, NY",(212) 542-3898,info@labeille.nyc,,,https://www.labeille.nyc/,,Not contacted,,,,Competitor list
LE CHENE,NON,,French Restaurant,"76 Carmine Street, New York, New York 10014","New York, NY",,bonjour@lechenenyc.com,,,https://www.lechenenyc.com/,,Not contacted,,,,Competitor list
Le Dive LES,,Yes,Wine bar,"37 Canal St, New York, NY 10002","New York, NY",,info@ledivenyc.com,,,https://www.ledivenyc.com/,,Not contacted,,,,Competitor list + Retail leads tab
Le Dive West Village,,Yes,Wine bar,"192 7th Ave S, New York, NY 10014","New York, NY",,info@ledivenyc.com,,,https://www.ledivenyc.com/,,Not contacted,,,,Competitor list + Retail leads tab
LifeThyme Natural Market,Savoure,,Natural market,"410 6th Ave, New York, NY 10011","New York, NY",(212) 420-1600,CS@lifethymemarket.com,,,https://www.lifethymemarket.com/contact,,Not contacted,,,,Competitor list + Retail leads tab
Lovers of Today,,Yes,Bar,"132 1/2 E 7th St, New York, NY 10009","New York, NY",(212) 614-9798,info@loversoftodaynyc.com,,,loversoftodaynyc.com,,Not contacted,,,,Competitor list + Retail leads tab
LUTHUN,Unified Ferments,,Fine dining,"432 E 13th St, New York, NY 10009","New York, NY",(646) 454-9484,info@luthun.com,,,https://www.luthun.com/,,Not contacted,,,,Competitor list + Retail leads tab
Meadow Lane,NON,,Grocery Store,"361 Greenwich Street, New York, New York 10013","New York, NY",,info@meadowlane.nyc,,,https://www.meadowlane.nyc/,,Not contacted,,,,Competitor list
MEDUZA MEDITERRANIA,NON,,Mediterranean Restaurant,"657 Hudson Street, New York, New York 10014","New York, NY",(646) 435-6544,,https://www.meduza33.com/contact,,www.meduza33.com,,Not contacted,,,,Competitor list
MISSION CHINESE,Unified Ferments,,Chinese Restaurant,"45 Mott Street, Manhattan, NY, 10013","New York, NY",(646) 368-9819,info@missionchinesefood.com,,,www.missionchinesefood.com,,Not contacted,,,,Competitor list + Retail leads tab
MIXTECA,NON,,Bar,"1 Cornelia St, New York, NY 10014","New York, NY",,mixteca@onecornelia.com,,,,,Not contacted,,,,Competitor list
MOONFLOWER,Unified Ferments,,Wine Bar,"201 West 11th Street, Manhattan, NY 10014, USA","New York, NY",,hey@moonflower.nyc,,,https://www.moonflower.nyc/,,Not contacted,,,,Competitor list + Retail leads tab
Mr Fongs,,Yes,Bar,"40 Market St, New York, NY 10002","New York, NY",(646) 964-4540,,https://www.mrfongs.com/,,https://www.mrfongs.com/,,Not contacted,,,,Competitor list + Retail leads tab
NARO,Unified Ferments,,Korean restaurant,"610 5th Avenue, Manhattan, NY, 10020","New York, NY",(212) 202-0206,info@naronyc.com,,,naronyc.com,,Not contacted,,,,Competitor list + Retail leads tab
NEUEHOUSE CANTEEN,NON,,Event Venue,"110 East 25th Street, New York, New York 10010","New York, NY",(917) 508-0412,hello@neuehouse.com,,,https://www.neuehouse.com/,,Not contacted,,,,Competitor list
NICHE NICHE at Pearl Box,Unified Ferments,,Bar/Event Space,"357 W Broadway, New York, NY 10013","New York, NY",(646) 370-4146,info@pearlboxnyc.com,,,https://www.nichenichenyc.com/,,Not contacted,,this is where we went to stella groove and met Jasper in nyc,,Competitor list + Retail leads tab
NOURY,NON,,Restaurant,"137 Sullivan Street, New York, New York 10012","New York, NY",,info@nourynewyork.com,,,https://www.nourynewyork.com/,,Not contacted,,,,Competitor list
NOZ 17,NON,,Sushi Restaurant,"458 West 17th Street, New York, New York 10011","New York, NY",(917) 338-1792,reservations@sushinoz.com,,,https://www.noz.global/experience/noz-17,,Not contacted,,,,Competitor list
NUDIBRANCH,Unified Ferments,,Korean restaurant,"Nudibranch, 125, 1st Avenue, East Village, Manhattan Community Board 3, Manhattan, New York County, New York, 10009, United States","New York, NY",(646) 918-7926,admin@nudibranchnyc.com,,,nudibranchnyc.com,,Not contacted,,,,Competitor list + Retail leads tab
PERGOLA,NON,,Mediterranean Restaurant,"36 West 28th Street, New York, New York 10001","New York, NY",(212) 679-4842,info@pergolanewyork.com,,,www.pergolanewyork.com,,Not contacted,,,,Competitor list
PINCH CHINESE,Unified Ferments,,Chinese Restaurant,"177 Prince St, New York, NY 10012","New York, NY",(212) 328-7880,nihao@pinchchinese.com,,,www.pinchchinese.com,,Not contacted,,,,Competitor list + Retail leads tab
PLEASE DONT TELL,NON,,Cocktail Bar,"113 Saint Marks Place, New York, New York 10009","New York, NY",,,https://www.pdtnyc.com/private-events,,https://www.pdtnyc.com/,,Not contacted,,,,Competitor list
Quorum by Convene,NON,,Event Venue,"1221 6th Ave, New York, NY 10020","New York, NY",(888) 730-7307,,,,https://convene.com/locations/new-york-city/1221-avenue-of-the-americas/,,Not contacted,,,,Competitor list
Ray's,,Yes,Bar,"177 Chrystie St, New York, NY 10002","New York, NY",,,https://www.raysbarnyc.com/contact/,,www.raysbarnyc.com/location/les,,Not contacted,,,,Competitor list + Retail leads tab
ROEYS,NON,,Pizza Restaurant,"59 Greenwich Avenue, New York, New York 10014","New York, NY",(646) 864-1200,info@roeysnyc.com,https://www.roeysnyc.com/contact/,,,,Not contacted,,,,Competitor list
ROSEMARYS,NON,,Italian Restaurant,"18 Greenwich Ave, New York, NY 10011","New York, NY",(212) 647-1818,info@rosemarysnyc.com,,,https://www.rosemarysnyc.com/location/rosemarys-west-village/,,Not contacted,,,,Competitor list
ROSEMARYS EAST,NON,,Italian Restaurant,"350 1st Avenue, New York, New York 10010","New York, NY",(646) 868-5335,info@rosemarysnyc.com,,,https://www.rosemarysnyc.com/location/rosemarys-east/,,Not contacted,,,,Competitor list
ROXY HOTEL,NON,,Hotel,"2 6th Avenue, New York, New York 10013","New York, NY",(212) 519-6600,info@roxyhotelnyc.com,,,www.roxyhotelnyc.com,,Not contacted,,,,Competitor list
RUFFIAN,Unified Ferments,,Wine Bar,"125 East 7th Street, Manhattan, NY, 10009","New York, NY",(347) 674-1618,ruffianbar@gmail.com,,,https://ruffiannyc.com/,,Not contacted,,,,Competitor list + Retail leads tab
SAGA,Unified Ferments,,Fine Dining,"70 Pine St, 63rd Floor, New York, NY 10005, USA","New York, NY",(212) 339-3963,"reservations@saga-nyc.com, careers@saga-nyc.com",,,https://www.saga-nyc.com/,,Not contacted,,kenthospitalitygroup,,Competitor list + Retail leads tab
SHOSH,NON,,Mediterranean Restaurant,"41 Greenwich Avenue, New York, New York 10014","New York, NY",(646) 850-0297,info@shosh.nyc,,,https://www.shosh.nyc/,,Not contacted,,,,Competitor list
Silence Please,,Yes,Tea house and listening room,"132 Bowery, Fl 2, New York, NY 10013","New York, NY",,,https://silenceplease.com/pages/contact,,silenceplease.com,,Not contacted,,,,Competitor list + Retail leads tab
SMITH & MILLS Rockefeller Plz,NON,,Cocktail Bar,"30 Rockefeller Plz, New York, New York 10112","New York, NY",,,https://www.smithandmills.com/contact,,https://www.smithandmills.com/,,Not contacted,,,,Competitor list
SMITH & MILLS TriBeCa,NON,,Cocktail Bar,"71 North Moore Street, Manhattan, NY, 10013","New York, NY",,,https://www.smithandmills.com/contact,,https://www.smithandmills.com/,,Not contacted,,,,Competitor list
SOHO GRAND HOTEL,NON,,Hotel,"310 West Broadway, Manhattan, NY, 10013","New York, NY",(212) 965-3000,,https://www.sohogrand.com/contact/,,www.sohogrand.com,,Not contacted,,Grand Bar & Salon 212) 965-3588,,Competitor list
SOMM TIME,"NON, Unified Ferments",,Bar,"254 Broome Street, Manhattan, NY, 10002","New York, NY",(212) 860-0401,rustmaria1977@gmail.com,,,https://sommtimenyc.com/,,Not contacted,,,,Competitor list + Retail leads tab
SPIRITED AWAY,"NON, Unified Ferments",,Liquor Store,"228 8th Ave, New York, NY 10011","New York, NY",(929) 277-2520,,https://www.spiritedaway.co/pages/contact,,www.spiritedaway.co,,Not contacted,,,,Competitor list + Retail leads tab
SUSHI NOZ,NON,,Sushi Restaurant,"181 East 78th Street, New York, New York 10075","New York, NY",(917) 338-1792,reservations@sushinoz.com,,,www.sushinoz.com,,Not contacted,,,,Competitor list
TEN BELLS,Unified Ferments,,Wine Bar,"247 Broome St, New York, NY 10002","New York, NY",(212) 228-4450,info@tenbellsnyc.com,,,https://tenbellsnyc.com/contact/,,Not contacted,,,,Competitor list + Retail leads tab
TERROIR TRIBECA,NON,,Wine Bar,"24 Harrison Street, New York, New York 10013","New York, NY",(212) 625-9463,info@wineisterroir.com,,,https://www.wineisterroir.com/,,Not contacted,,,,Competitor list
THE BRONZE OWL,NON,,Cocktail Bar,"49 West 32nd Street, New York, New York 10001","New York, NY",(646) 838-9026,info@thebronzeowlnyc.com,,,https://thebronzeowlnyc.com/,,Not contacted,,,,Competitor list
The Getaway 151,Unified Ferments,,American Resutrant,"743 Riverside Dr, New York, NY 10031, USA","New York, NY",,thegetaway151@gmail.com,,,https://riversideparknyc.org/parks/the-getaway-151/,,Not contacted,,super cool spot! I'd go here in middle school,,Competitor list + Retail leads tab
THE MANNER,NON,,Resort hotel,"52 Thompson Street, New York, New York 10012","New York, NY",(929) 526-3330,press@soho.themanner.com,,,https://themanner.com/,,Not contacted,,,,Competitor list
The Maze,,Yes,Alcohol-free members club,"43 W 24th St, New York, NY 10010","New York, NY",,membership@localhost.com,,,https://www.themazenyc.com/contact-us/,,Not contacted,,,,Competitor list + Retail leads tab
THE OMA,NON,,Cafe,"2754 Frederick Douglass Blvd, New York, NY 10039","New York, NY",(646) 360-4918,shop@theomahome.com,,,https://www.theomashop.com/,,Not contacted,,,,Competitor list
The Spaniard,,Yes,Bar,"190 W 4th St, New York, NY 10014","New York, NY",(212) 918-1986,events@thespaniardnyc.com,,,https://www.thespaniardnyc.com/info/,,Not contacted,,,,Competitor list + Retail leads tab
TIME AGAIN,,Yes,Bar,"105 Canal St, New York, NY 10002","New York, NY",,timeagainbar@gmail.com,,https://www.instagram.com/timeagainbar/?hl=en,,,Not contacted,,,,Competitor list + Retail leads tab
TONCHIN,Unified Ferments,,Japanese Restaurant,"13 W 36th St., New York, NY 10018","New York, NY",(646) 692-9912,info@foodexny.com,,,www.tonchinus.com,,Not contacted,,,,Competitor list + Retail leads tab
Verlaine,,Yes,Cocktail bar,"110 Rivington St, New York, NY 10002","New York, NY",(212) 614-2494,verlaineevents@gmail.com,,,www.verlainenyc.com,,Not contacted,,Max is cousins with the owner Gary,,Competitor list + Retail leads tab
Wild Sorrel Cookbooks,,Yes,Cookbook shop,"332 E 13th Street, New York, NY 10003","New York, NY",,,https://wildsorrelcookbooks.com/contact,,https://wildsorrelcookbooks.com/artisans,,Not contacted,,,,Retail leads tab
WILDAIR,Unified Ferments,,New American,"142 Orchard St, New York, NY 10002","New York, NY",(646) 964-5624,info@wildair.nyc,,,wildair.nyc,,Not contacted,,,,Competitor list + Retail leads tab
Zabar's,Savoure,,Specialty grocery,"2245 Broadway, New York, NY 10024","New York, NY",(212) 787-2000,info@zabars.com,,,zabars.com,,Not contacted,,,,Competitor list + Retail leads tab
Enjoy Ceremony,,Yes,Non alc bottle shop & bar,"806 Baldwin Ave, Norfolk VA","Norfolk, VA",,,,@enjoyceremony,,,Not contacted,,,,Retail leads tab
LITTLE FLOWER,Unified Ferments,,Coffe Shop,"25-35 36th Ave, Astoria, NY 11106","Queens, NY",,,,https://www.instagram.com/littleflowercafe/,,,Not contacted,,very cool social media prescence,,Competitor list + Retail leads tab
LAKE SIDE EMOTIONS,NON,,Liquor Store,"113 Main St, Stony Brook, NY 11790","Stony Brook, NY",(631) 675-2750,info@lakesideemotions.com,,,https://lakesideemotions.com/,,Not contacted,,,,Competitor list
Anto,Unified Ferments,,,,,,,,,,,Not contacted,,,No address; No contact info,Retail leads tab
Asphalt Green,,Yes,Sports facility,,,,,,,,,Not contacted,,,No address; No contact info,Retail leads tab
Bolero,Unified Ferments,,,,,,,,,,,Not contacted,,,No address; No contact info,Retail leads tab
Brooklyn Bouldering Project,,Yes,Climbing gym,,,,,,https://www.instagram.com/brooklynboulderingproject/,,,Not contacted,,,No address,Retail leads tab
Canyon Grocer,,Yes,Small Grocer,,,,kurt@kurt@whey.com,,,,,Not contacted,,Owner: Kurt,No address; Email looks malformed,Retail leads tab
Lofty Pigeon Books,,Yes,Book store,,,,,,https://www.instagram.com/loftypigeonbooks/,,,Not contacted,,,No address,Retail leads tab
Mena,Unified Ferments,,,,,,,,,,,Not contacted,,,No address; No contact info,Retail leads tab
No More Cafe,,Yes,N/a bar,,,,,,,,,Not contacted,,,No address; No contact info,Retail leads tab
Village Grocery & Refillery,Savoure,,,,,,,,,,,Not contacted,,,No address; No contact info,Retail leads tab
White Tiger,Unified Ferments,,,,,,,,,,,Not contacted,,,No address; No contact info,Retail leads tab
White Tiger Tavern,Unified Ferments,,,,,,,,,,,Not contacted,,,No address; No contact info,Retail leads tab
Winona’S,Unified Ferments,,,,,,,,,,,Not contacted,,,No address; No contact info,Retail leads tab
& Sons Buttery,Savoure,,Buttery,"447 Rogers Ave, Brooklyn, NY 11225","Brooklyn, NY",(347) 789-3422,,,,,,Closed,,,,Competitor list + Retail leads tab
BAR MERIDIAN,Unified Ferments,,,"406 Prospect Place, Brooklyn, NY, 11238","Brooklyn, NY",,,,,,,Closed,,,,Competitor list + Retail leads tab
BLANCA,Unified Ferments,,,"261 Moore Street, Brooklyn, NY, 11206","Brooklyn, NY",,,,,,,Closed,,,,Competitor list + Retail leads tab
DAUGHTER,Unified Ferments,,,"Daughter, 1090, Saint Johns Place, Eastern Parkway, Brooklyn, Kings County, New York, 11213, United States","Brooklyn, NY",,,,,,,Closed,,,,Competitor list + Retail leads tab
Foragers Market,Savoure,,Market,"56 Adams St, Brooklyn, NY 11201","Brooklyn, NY",(718) 801-8400,,,,,,Closed,,,,Competitor list + Retail leads tab
FORT DEFIANCE,Unified Ferments,,,"354 Van Brunt Street, Brooklyn, NY, 11231","Brooklyn, NY",,,,,,,Closed,,,,Competitor list + Retail leads tab
FULGURANCES LAUNDROMAT,Unified Ferments,,,"132 Franklin Street, Brooklyn, NY, 11222","Brooklyn, NY",,,,,,,Closed,,,,Competitor list + Retail leads tab
ILIS,"NON, Unified Ferments",,Restaurant,"148 Green Street, New York, New York 11222","Brooklyn, NY",,,,,,,Closed,,,,Competitor list + Retail leads tab
ODDLY ENOUGH,Unified Ferments,,,"397 Tompkins Ave, Brooklyn, NY 11216, USA","Brooklyn, NY",,,,,,,Closed,,,,Competitor list + Retail leads tab
R&D Foods,Savoure,,Specialty foods,"602 Vanderbilt Ave, Brooklyn, NY 11238","Brooklyn, NY",,,,,,,Closed,,,"Possibly same site as ""GERTIE"" — check",Competitor list + Retail leads tab
PATISSERIE CHANSON,NON,,Bakery,"155 West 70th Street, New York, New York 10023","New York, NY",,,,,,,Closed,,,,Competitor list
PEOPLE'S WINE,Unified Ferments,,,"115 Delancey Street, Manhattan, NY, 10002","New York, NY",,,,,,,Closed,,,,Competitor list + Retail leads tab