source_id,name,address,suburb,region,state,venue_type,latitude,longitude,source_url,scraped_at,geocode_status,contact,instagram,website,phone,email,verified,needs_review,status,astra_prospect,competitors_sold_here,notes,last_contacted,open_times,competitor
retail-leads-0,LOVE EATS,"10 Amagansett Square Unit B, Amagansett, NY 11930",Amagansett,US,NY,Grocery Store,40.9740496,-72.1412309,internal: Retail_Wholesale Leads - Retail.csv,2026-09-16T23:27:22.585481+00:00,resolved,,,https://www.loveeats.com/,(631) 557-3038,info@loveeats.com,False,False,active,False,['NON'],,,,NON
retail-leads-1,AITA,"132 Greene Ave, Brooklyn, NY 11238",Brooklyn,US,NY,Italian Restaurant,40.6864492,-73.9666416,internal: Retail_Wholesale Leads - Retail.csv,2026-09-16T23:27:22.585481+00:00,resolved,,,aitaclintonhill.com,(718) 576-3584,aitaclintonhill@gmail.com,False,False,active,True,['Unified Ferments'],,,,Unified Ferments
retail-leads-2,Anais,"196 Bergen St #2, Brooklyn, NY 11217",Brooklyn,US,NY,Wine bar,40.6784485,-73.9827711,internal: Retail_Wholesale Leads - Retail.csv,2026-09-16T23:27:22.585481+00:00,resolved,,,https://www.anaisbk.com/,(718) 513-9176,hello@anaisbk.com,False,False,active,True,['Retail Prospects'],,,,Retail Prospects
retail-leads-3,ASKA,"47 S 5th St, Brooklyn, NY 11249, USA",Brooklyn,US,NY,Scandinavian Restaurant,40.7124231,-73.9664901,internal: Retail_Wholesale Leads - Retail.csv,2026-09-16T23:27:22.585481+00:00,resolved,,,,(934) 732-3710,reservations@askanyc.com,False,False,active,False,['Unified Ferments'],,,,Unified Ferments
retail-leads-4,Banter Bar,"132 Havemeyer St, Brooklyn, NY 11211",Brooklyn,US,NY,Pub,40.7121785,-73.957432,internal: Retail_Wholesale Leads - Retail.csv,2026-09-16T23:27:22.585481+00:00,resolved,,,https://banterbrooklyn.com/,(347) 457-6621,chris@banterbrooklyn.com,False,False,active,True,['Retail Prospects'],,,,Retail Prospects
retail-leads-5,BAR BEDFORD,"353 Bedford Avenue, New York, New York 11211",Brooklyn,US,NY,Bar,40.7114591,-73.9628918,internal: Retail_Wholesale Leads - Retail.csv,2026-09-16T23:27:22.585481+00:00,resolved,https://www.barbedford.com/contact-inquire/,,https://www.barbedford.com/,(929) 489-0150,,False,False,active,False,['NON'],,,,NON
retail-leads-6,Bar Laika,"224 Greene Ave, Brooklyn, NY 11238",Brooklyn,US,NY,Wine bar,40.686993,-73.9620907,internal: Retail_Wholesale Leads - Retail.csv,2026-09-16T23:27:22.585481+00:00,resolved,,,www.laika.bar,(347) 529-4321,laika@e-flux.com,False,False,active,True,['Retail Prospects'],,,,Retail Prospects
retail-leads-7,BAR MADONNA,"367 Metropolitan Avenue, New York, New York 11211",Brooklyn,US,NY,Restaurant,40.7142542,-73.9556698,internal: Retail_Wholesale Leads - Retail.csv,2026-09-16T23:27:22.585481+00:00,resolved,,,https://barmadonna.com/,(347) 987-4545,reservations@barmadonna.com,False,False,active,False,['NON'],,,,NON
retail-leads-8,Bathouse Williamsburg,"103 North 10th Street, Brooklyn, NY, 11249",Brooklyn,US,NY,Suana,40.7205182,-73.9574036,internal: Retail_Wholesale Leads - Retail.csv,2026-09-16T23:27:22.585481+00:00,resolved,,,abathhouse.com,(929) 489-2284,williamsburg@abathhouse.com,False,False,active,False,['Unified Ferments'],,,,Unified Ferments
retail-leads-9,BIG NIGHT Greenpoint,"154, Franklin Street, Greenpoint, Brooklyn, Kings County, New York, 11222, United States",Brooklyn,US,NY,Retail Store for dinner parties,40.7303622,-73.9574651,internal: Retail_Wholesale Leads - Retail.csv,2026-09-16T23:27:22.585481+00:00,resolved,,,bignightbk.com,(347) 725-3041,vendors@shopbignight.com,False,False,active,False,['Unified Ferments'],,,,Unified Ferments
retail-leads-10,BONNIES,"398 Manhattan Ave, Brooklyn, NY 11211, USA",Brooklyn,US,NY,Chinese Restaurant,40.7178242,-73.9465104,internal: Retail_Wholesale Leads - Retail.csv,2026-09-16T23:27:22.585481+00:00,resolved,,,bonniesbrooklyn.com,(914) 875-3709,hello@bonniesbrooklyn.com,False,False,active,False,['Unified Ferments'],,,,Unified Ferments
retail-leads-11,BUZZ FREE,"679 5th Avenue, New York, New York 11215",Brooklyn,US,NY,Convenience Store,40.6615985,-73.9928825,internal: Retail_Wholesale Leads - Retail.csv,2026-09-16T23:27:22.585481+00:00,resolved,,,https://www.buzzfreenyc.com/,(718) 219-7828,buzzfree679@gmail.com,False,False,active,False,['NON'],Non Alc Store!,,,NON
retail-leads-12,CAFE RUE DIX,"Cafe Rue Dix, 1451, Bedford Avenue, Brooklyn, Kings County, New York, 11216, United States",Brooklyn,US,NY,West African restaurant,40.6734983,-73.953866,internal: Retail_Wholesale Leads - Retail.csv,2026-09-16T23:27:22.585481+00:00,resolved,,,https://www.ruedixbrooklyn.com/,(929) 234-2543,cafe@ruedixbrooklyn.com,False,False,active,False,['Unified Ferments'],,,,Unified Ferments
retail-leads-13,CAMPBELL CHEESE AND GROCERY Greenpoint,"209 Nassau Ave. Brooklyn, NY 11222",Brooklyn,US,NY,Sandwich shop,40.7258086,-73.9442886,internal: Retail_Wholesale Leads - Retail.csv,2026-09-16T23:27:22.585481+00:00,resolved,,,https://campbellandco.nyc/campbell-cheese-502lorimer/,(718) 269-4147,info@campbellcheese.com,False,False,active,False,['Unified Ferments'],,,,Unified Ferments
retail-leads-14,CAMPBELL CHEESE AND GROCERY Williamsburg,"502 Lorimer St, Brooklyn, NY 11211",Brooklyn,US,NY,Sandwich shop,40.712008,-73.9489067,internal: Retail_Wholesale Leads - Retail.csv,2026-09-16T23:27:22.585481+00:00,resolved,,,https://campbellandco.nyc/campbell-cheese-502lorimer/,(718) 387-2267,info@campbellcheese.com,False,False,active,False,['Unified Ferments'],,,,Unified Ferments
retail-leads-15,Carmelo's,"1544 Dekalb Ave, Brooklyn, NY 11237",Brooklyn,US,NY,Bar,40.7027469,-73.9206221,internal: Retail_Wholesale Leads - Retail.csv,2026-09-16T23:27:22.585481+00:00,resolved,,,https://carmelosbushwick.teamdexter.com/,,Carmelosbushwick@gmail.com,False,False,active,True,['Retail Prospects'],,,,Retail Prospects
retail-leads-16,CHEESE PLATE BROOKLYN,"400 7th Avenue, New York, New York 11215",Brooklyn,US,NY,Food Store,40.664863,-73.9835706,internal: Retail_Wholesale Leads - Retail.csv,2026-09-16T23:27:22.585481+00:00,resolved,https://www.cheeseplatebrooklyn.com/contact,,www.cheeseplatebrooklyn.com,(929) 434-9937,,False,False,active,False,"['NON', 'Unified Ferments']",,,,NON
retail-leads-16,CHEESE PLATE BROOKLYN,"400 7th Avenue, New York, New York 11215",Brooklyn,US,NY,Food Store,40.664863,-73.9835706,internal: Retail_Wholesale Leads - Retail.csv,2026-09-16T23:27:22.585481+00:00,resolved,https://www.cheeseplatebrooklyn.com/contact,,www.cheeseplatebrooklyn.com,(929) 434-9937,,False,False,active,False,"['NON', 'Unified Ferments']",,,,Unified Ferments
retail-leads-17,Cheeseplate Brooklyn,"323 Court St, Brooklyn, NY 11231, USA",Brooklyn,US,NY,Cheese shop,40.6831223,-73.9953678,internal: Retail_Wholesale Leads - Retail.csv,2026-09-16T23:27:22.585481+00:00,resolved,https://www.cheeseplatebrooklyn.com/contact,,https://www.cheeseplatebrooklyn.com/,,,False,False,active,False,['Unified Ferments'],,,,Unified Ferments
retail-leads-18,CHERRY ON TOP,"379 Suydam Street, Brooklyn, NY, 11237",Brooklyn,US,NY,Wine Bar,40.7049007,-73.9213539,internal: Retail_Wholesale Leads - Retail.csv,2026-09-16T23:27:22.585481+00:00,resolved,,,https://www.cherryontopnyc.com/,,hello@cherryontopnyc.com,True,False,active,False,['Unified Ferments'],,,,Unified Ferments
retail-leads-19,CHEZ MA TANTE,"90 Calyer St, Brooklyn, NY 11222",Brooklyn,US,NY,Bistro,40.7268804,-73.9575934,internal: Retail_Wholesale Leads - Retail.csv,2026-09-16T23:27:22.585481+00:00,resolved,,,https://chezmatantebk.com/CONTACT-US,(718) 389-3606,info@chezmatantebk.com,False,False,active,False,['Unified Ferments'],,,,Unified Ferments
retail-leads-20,CHEZ OSKAR,"373 Decatur Street, New York, New York 11233",Brooklyn,US,NY,French Restaurant,40.6822465,-73.9290837,internal: Retail_Wholesale Leads - Retail.csv,2026-09-16T23:27:22.585481+00:00,resolved,,,www.chezoskar.com,(718) 852-6250,Chezoskar310@gmail.com,False,False,active,False,['NON'],,,,NON
retail-leads-21,Clover Club,"210 Smith St, Brooklyn, NY 11201",Brooklyn,US,NY,Bar,40.6846142,-73.9922019,internal: Retail_Wholesale Leads - Retail.csv,2026-09-16T23:27:22.585481+00:00,resolved,,,cloverclubny.com,(718) 855-7939,info@cloverclubny.com,False,False,active,True,['Retail Prospects'],,,,Retail Prospects
retail-leads-22,COVENHOVEN,"730 Classon Ave, Brooklyn, NY 11238",Brooklyn,US,NY,Bar,40.6752358,-73.9601615,internal: Retail_Wholesale Leads - Retail.csv,2026-09-16T23:27:22.585481+00:00,resolved,,,www.covenhovennyc.com,(718) 483-9950,"covenhoven@gmail.com, management@covenhoven.com",False,False,active,False,['Unified Ferments'],,,,Unified Ferments
retail-leads-23,DEAR FRIEND BOOKS,"Dear Friend Books, 343A, Tompkins Avenue, Bedford-Stuyvesant, Brooklyn, Kings County, New York, 11221, United States",Brooklyn,US,NY,Book Store + Wine Bar,,,internal: Retail_Wholesale Leads - Retail.csv,2026-09-16T23:27:22.585481+00:00,failed,,,https://www.dearfriendbooks.com/,,studio@dearfriendbooks.com,False,True,active,False,['Unified Ferments'],,,,Unified Ferments
retail-leads-24,Depanneur,"242 Wythe Ave, Brooklyn, NY 11249",Brooklyn,US,NY,Market,40.7174886,-73.9628002,internal: Retail_Wholesale Leads - Retail.csv,2026-09-16T23:27:22.585481+00:00,resolved,,,https://www.depanneurwines.com/,(718) 989-1022,Info@depanneurwines.com,False,False,active,False,['Savoure'],,,,Savoure
retail-leads-25,Dinner Party,"274 Hall St, Brooklyn, NY 11205, USA",Brooklyn,US,NY,New American restaurant,40.6900317,-73.9654451,internal: Retail_Wholesale Leads - Retail.csv,2026-09-16T23:27:22.585481+00:00,resolved,,,https://www.dinnerpartybk.com/food,(347) 463-9173,rsvp@dinnerpartybk.com,False,False,active,False,['Unified Ferments'],,,,Unified Ferments
retail-leads-26,Doris,"1088 Fulton St, Brooklyn, NY 11238",Brooklyn,US,NY,Bar,40.6813028,-73.957375,internal: Retail_Wholesale Leads - Retail.csv,2026-09-16T23:27:22.585481+00:00,resolved,,,dorisbedstuy.com,(347) 240-3350,dorisbedstuy@gmail.com,False,False,active,True,['Retail Prospects'],,,,Retail Prospects
retail-leads-27,Entre Nous,"39 Clifton Pl, Brooklyn, NY 11238",Brooklyn,US,NY,Wine bar,40.6879326,-73.962875,internal: Retail_Wholesale Leads - Retail.csv,2026-09-16T23:27:22.585481+00:00,resolved,,,www.entrenousbrooklyn.com,(347) 294-4186,bonsoir@entrenousbrooklyn.com,False,False,active,True,['Retail Prospects'],,,,Retail Prospects
retail-leads-28,FOOD GARDEN MARKET Store 1,"102 4th Ave, Brooklyn, New York 11217",Brooklyn,US,NY,Supermarket,40.6811144,-73.9806575,internal: Retail_Wholesale Leads - Retail.csv,2026-09-16T23:27:22.585481+00:00,resolved,,,foodgardenmarket.com,(929) 337-1828,info@foodgardenmarket.com,False,False,active,False,['NON'],,,,NON
retail-leads-29,FOOD GARDEN MARKET Store 2,"608 Franklin Avenue, New York, New York 11238",Brooklyn,US,NY,Supermarket,40.6778726,-73.9554792,internal: Retail_Wholesale Leads - Retail.csv,2026-09-16T23:27:22.585481+00:00,resolved,,,foodgardenmarket.com,(718) 399-1529,info@foodgardenmarket.com,False,False,active,False,['NON'],,,,NON
retail-leads-30,FOSTER SUNDRY,"215 Knickerbocker Ave, Brooklyn, NY 11237",Brooklyn,US,NY,Grocery & butcher shop,40.7033985,-73.9261742,internal: Retail_Wholesale Leads - Retail.csv,2026-09-16T23:27:22.585481+00:00,resolved,,,https://www.fostersundry.com/,(718) 569-8426,info@fostersundry.com,False,False,active,False,['Unified Ferments'],sick small business - worth a tour!,,,Unified Ferments
retail-leads-31,FOUR HORSEMEN,"295 Grand St, Brooklyn, NY 11211",Brooklyn,US,NY,Restaurant,40.7131569,-73.9572457,internal: Retail_Wholesale Leads - Retail.csv,2026-09-16T23:27:22.585481+00:00,resolved,,,www.fourhorsemenbk.com,,info@fourhorsemenbk.com,False,False,active,False,['Unified Ferments'],,,,Unified Ferments
retail-leads-32,Frog Wine Bar,"358 Marcus Garvey Blvd, Brooklyn, NY 11221",Brooklyn,US,NY,Wine bar,40.6848289,-73.938632,internal: Retail_Wholesale Leads - Retail.csv,2026-09-16T23:27:22.585481+00:00,resolved,,https://www.instagram.com/frogwinebar/?hl=en,,(585) 456-1050,,False,False,active,True,['Retail Prospects'],,,,Retail Prospects
retail-leads-33,GAGE & TOLLNER,"372 Fulton Mall, Brooklyn, NY, 11201",Brooklyn,US,NY,American Restaurant,40.691467,-73.987767,internal: Retail_Wholesale Leads - Retail.csv,2026-09-16T23:27:22.585481+00:00,resolved,https://www.gageandtollner.com/contact-us/,,www.gageandtollner.com,(347) 689-3677,,True,False,active,False,['NON'],,,,NON
retail-leads-34,George and Jack's Tap Room,"103 Berry St, Brooklyn, NY 11211",Brooklyn,US,NY,Pub,40.7190372,-73.9584135,internal: Retail_Wholesale Leads - Retail.csv,2026-09-16T23:27:22.585481+00:00,resolved,,https://www.instagram.com/georgeandjacks/?hl=en,,(212) 555-1212,,False,False,active,True,['Retail Prospects'],,,,Retail Prospects
retail-leads-35,GERTIE,"602 Vanderbilt Ave, Brooklyn, NY 11238",Brooklyn,US,NY,Deli,40.6783689,-73.9688782,internal: Retail_Wholesale Leads - Retail.csv,2026-09-16T23:27:22.585481+00:00,resolved,,,https://www.gertie.nyc/contact,,tavo@districtonestudios.com,False,False,active,False,['Unified Ferments'],jewish deli,,,Unified Ferments
retail-leads-36,HANA MAKGEOLLI,"201 Dupont Street, Brooklyn, NY, 11222",Brooklyn,US,NY,Brewery,40.736437,-73.9515106,internal: Retail_Wholesale Leads - Retail.csv,2026-09-16T23:27:22.585481+00:00,resolved,,,https://www.hanamakgeolli.com/,,contact@hanamakgeolli.com,True,False,active,False,['Unified Ferments'],very cool! And worth a tour,,,Unified Ferments
retail-leads-37,HOTEL DELMANO,"82 Berry St, Brooklyn, NY 11211",Brooklyn,US,NY,Bar,40.7197084,-73.9580192,internal: Retail_Wholesale Leads - Retail.csv,2026-09-16T23:27:22.585481+00:00,resolved,,,https://hoteldelmano.com/contact/,(718) 387-1945,info@hoteldelmano.com,False,False,active,False,['Unified Ferments'],,,,Unified Ferments
retail-leads-38,INSA,"328 Douglass St, Brooklyn, NY 11217",Brooklyn,US,NY,Korean barbecue restaurant,40.6794163,-73.9826929,internal: Retail_Wholesale Leads - Retail.csv,2026-09-16T23:27:22.585481+00:00,resolved,,,www.insabrooklyn.com,(718) 855-2620,info@insabrooklyn.com,False,False,active,False,['Unified Ferments'],,,,Unified Ferments
retail-leads-39,JUNE,"231 Court St, Brooklyn, NY 11201",Brooklyn,US,NY,Restaurant + Wine Bar,40.6860634,-73.9938739,internal: Retail_Wholesale Leads - Retail.csv,2026-09-16T23:27:22.585481+00:00,resolved,,,www.junebk.com,(917) 909-0434,tom@junebk.com,False,False,active,False,['Unified Ferments'],,,,Unified Ferments
retail-leads-40,KEY FOOD STORE #1830,"8772 18th Avenue, Brooklyn, NY 11214",Brooklyn,US,NY,Supermarket,40.6038334,-74.0066259,internal: Retail_Wholesale Leads - Retail.csv,2026-09-16T23:27:22.585481+00:00,resolved,,,https://www.keyfood.com/stores/1160,(718) 331-5080,,False,False,active,False,['NON'],,,,NON
retail-leads-41,L'Apero by 4F,"115 Montague St, Brooklyn, NY 11201",Brooklyn,US,NY,Wine bar,40.6950915,-73.9948899,internal: Retail_Wholesale Leads - Retail.csv,2026-09-16T23:27:22.585481+00:00,resolved,,,https://www.lappartement4f.com/?srsltid=AfmBOoqZKnI3dVxv1rwIYdB2Xpm1Vb2uboNtIUswpxA_MN4k9qIdy-TS,(347) 599-0006,info@lappartement4f.com,False,False,active,True,['Retail Prospects'],,,,Retail Prospects
retail-leads-42,LA VARA,"268 Clinton St, Brooklyn, NY 11201",Brooklyn,US,NY,Spanish restaurant,40.6878087,-73.9957489,internal: Retail_Wholesale Leads - Retail.csv,2026-09-16T23:27:22.585481+00:00,resolved,,,www.lavarany.com,(718) 422-0065,Rob@lavarany.com,False,False,active,False,['Unified Ferments'],,,,Unified Ferments
retail-leads-43,Lea Brooklyn,"1022 Cortelyou Rd, Brooklyn, NY 11218",Brooklyn,US,NY,Market,40.6394347,-73.9680084,internal: Retail_Wholesale Leads - Retail.csv,2026-09-16T23:27:22.585481+00:00,resolved,,,www.leabrooklyn.com,(718) 928-7100,info@leabrooklyn.com,False,False,active,False,['Savoure'],,,,Savoure
retail-leads-44,Lilia,"567 Union Ave, Brooklyn, NY 11211",Brooklyn,US,NY,Restaurant,40.7176165,-73.9524013,internal: Retail_Wholesale Leads - Retail.csv,2026-09-16T23:27:22.585481+00:00,resolved,https://www.lilianewyork.com/contact/,,www.lilianewyork.com,(718) 576-3095,,False,False,active,True,['Retail Prospects'],,,,Retail Prospects
retail-leads-45,LunAtico,"486 Halsey St, Brooklyn, NY 11233",Brooklyn,US,NY,Bar,40.6833788,-73.9346786,internal: Retail_Wholesale Leads - Retail.csv,2026-09-16T23:27:22.585481+00:00,resolved,,,www.barlunatico.com,(718) 513-0339,office@barlunatico.com,False,False,active,True,['Retail Prospects'],,,,Retail Prospects
retail-leads-46,MINUS MOONSHINE,"433 Sterling Place, New York, New York 11238",Brooklyn,US,NY,Non Alc Store,40.6747958,-73.9635904,internal: Retail_Wholesale Leads - Retail.csv,2026-09-16T23:27:22.585481+00:00,resolved,,,minusmoonshine.com,(914) 485-7502,info@minusmoonshine.com,False,False,active,False,"['NON', 'Unified Ferments']",Great one! Small indepdent locally owned non alcholic spirts,,,NON
retail-leads-46,MINUS MOONSHINE,"433 Sterling Place, New York, New York 11238",Brooklyn,US,NY,Non Alc Store,40.6747958,-73.9635904,internal: Retail_Wholesale Leads - Retail.csv,2026-09-16T23:27:22.585481+00:00,resolved,,,minusmoonshine.com,(914) 485-7502,info@minusmoonshine.com,False,False,active,False,"['NON', 'Unified Ferments']",Great one! Small indepdent locally owned non alcholic spirts,,,Unified Ferments
retail-leads-47,MINUS MOONSHINE Greenpoint,"257 Driggs Ave, Brooklyn, NY 11222",Brooklyn,US,NY,Non Alc Store,40.7225767,-73.9479699,internal: Retail_Wholesale Leads - Retail.csv,2026-09-16T23:27:22.585481+00:00,resolved,,,minusmoonshine.com,(347) 227-7522,info@minusmoonshine.com,False,False,active,False,['Unified Ferments'],two locations greenpoint + Prospect heihgts,,,Unified Ferments
retail-leads-48,Misi,"329 Kent Ave, Brooklyn, NY 11249",Brooklyn,US,NY,Restaurant,40.7134037,-73.9672238,internal: Retail_Wholesale Leads - Retail.csv,2026-09-16T23:27:22.585481+00:00,resolved,,,www.misinewyork.com,(347) 566-3262,info@misinewyork.com,False,False,active,True,['Retail Prospects'],,,,Retail Prospects
retail-leads-49,Misipasta,"46 Grand St, Brooklyn, NY 11249",Brooklyn,US,NY,Cafe,40.715875,-73.9655685,internal: Retail_Wholesale Leads - Retail.csv,2026-09-16T23:27:22.585481+00:00,resolved,,,www.misipasta.com,(347) 844-6474,info@misipasta.com,False,False,active,True,['Retail Prospects'],,,,Retail Prospects
retail-leads-50,MISS ADA,"184 Dekalb Ave, Brooklyn, NY 11205",Brooklyn,US,NY,Mediterranean restaurant,40.6894408,-73.9723836,internal: Retail_Wholesale Leads - Retail.csv,2026-09-16T23:27:22.585481+00:00,resolved,,,www.missadanyc.com,,INFO@MISSADANYC.COM,False,False,active,False,['Unified Ferments'],Michelin Bib Gourmand,,,Unified Ferments
retail-leads-51,NIN HAO,"610 Dean Street, New York, New York 11238",Brooklyn,US,NY,Chinese Restaurant,40.6803837,-73.9699096,internal: Retail_Wholesale Leads - Retail.csv,2026-09-16T23:27:22.585481+00:00,resolved,,,https://www.ninhaonyc.com/,(718) 399-3232,joy@ninhaonyc.com,False,False,active,False,['NON'],,,,NON
retail-leads-52,Ornithology Jazz Club,"6 Suydam St, Brooklyn, NY 11221",Brooklyn,US,NY,Bar,40.6955322,-73.9320225,internal: Retail_Wholesale Leads - Retail.csv,2026-09-16T23:27:22.585481+00:00,resolved,,,www.ornithologyjazzclub.com,(917) 231-4766,ornithologycocktail@gmail.com,False,False,active,True,['Retail Prospects'],,,,Retail Prospects
retail-leads-53,OSTUDIO,"366 Stockton St, Brooklyn, NY 11206",Brooklyn,US,NY,Wine Bar + Community Gathering,40.6972863,-73.9372048,internal: Retail_Wholesale Leads - Retail.csv,2026-09-16T23:27:22.585481+00:00,resolved,,,www.ostudiony.com/ocafe,,ostudio@ostudiony.com,False,False,active,False,['Unified Ferments'],could be a cool venue to collab with Zach on,,,Unified Ferments
retail-leads-54,Park Slope Food Coop,"782 Union St, Brooklyn, NY 11215",Brooklyn,US,NY,Food coop,40.6747295,-73.976815,internal: Retail_Wholesale Leads - Retail.csv,2026-09-16T23:27:22.585481+00:00,resolved,,,www.foodcoop.com,(718) 622-0560,missions@psfc.coop,False,False,active,False,['Savoure'],,,,Savoure
retail-leads-55,PEARL STREET SUPPER CLUB,"147 Front Street, Brooklyn, NY, 11201",Brooklyn,US,NY,Raw Bar & Restaurant,40.7025413,-73.9869796,internal: Retail_Wholesale Leads - Retail.csv,2026-09-16T23:27:22.585481+00:00,resolved,,,https://www.pearlstrestaurant.com/,(407) 449-5307,hello@pearlstrestaurant.com,False,False,active,False,['Unified Ferments'],,,,Unified Ferments
retail-leads-56,Place Des Fetes,"212 Greene Ave, Brooklyn, NY 11238",Brooklyn,US,NY,Restaurant,40.686862,-73.962884,internal: Retail_Wholesale Leads - Retail.csv,2026-09-16T23:27:22.585481+00:00,resolved,https://www.pdfnyc.com/contact/,,www.pdfnyc.com,(718) 857-0101,,False,False,active,True,['Retail Prospects'],,,,Retail Prospects
retail-leads-57,POPINA,"127 Columbia Street, New York, New York 11231",Brooklyn,US,NY,Italian Restaurant,40.6873027,-74.0013265,internal: Retail_Wholesale Leads - Retail.csv,2026-09-16T23:27:22.585481+00:00,resolved,https://www.popinanyc.com/contact/,,www.popinanyc.com,(718) 222-1901,,False,False,active,False,['NON'],,,,NON
retail-leads-58,Prima,"147 Greene Ave, Brooklyn, NY 11238",Brooklyn,US,NY,Cafe/wine bar,40.6868301,-73.9662216,internal: Retail_Wholesale Leads - Retail.csv,2026-09-16T23:27:22.585481+00:00,resolved,,,https://www.primabrooklyn.com/,(718) 789-7890,,False,False,active,True,['Retail Prospects'],love this vibe,,,Retail Prospects
retail-leads-59,Public Records,"233 Butler St, Brooklyn, NY 11217",Brooklyn,US,NY,Bar/venue,40.6821674,-73.9863886,internal: Retail_Wholesale Leads - Retail.csv,2026-09-16T23:27:22.585481+00:00,resolved,,,publicrecords.nyc,(347) 529-4869,hello@publicrecords.nyc,False,False,active,False,['Savoure'],"max has a contact at ""Alright Studios"" which does work for public records (warm intro)",,,Savoure
retail-leads-60,R&D Goods,"600 Vanderbilt Avenue, New York, New York 11238",Brooklyn,US,NY,Home Goods Store,40.6784226,-73.9688584,internal: Retail_Wholesale Leads - Retail.csv,2026-09-16T23:27:22.585481+00:00,resolved,,,https://rdgoodsbklyn.com/pages/contact,(347) 897-6202,rdgoodsbklyn@gmail.com,False,False,active,False,['NON'],,,,NON
retail-leads-61,Radegast Hall,"113 N 3rd St, Brooklyn, NY 11249",Brooklyn,US,NY,Pub,40.7167493,-73.9615241,internal: Retail_Wholesale Leads - Retail.csv,2026-09-16T23:27:22.585481+00:00,resolved,,,https://radegasthall.com/contact/,(718) 963-3973,info@radegasthall.com,False,False,active,True,['Retail Prospects'],,,,Retail Prospects
retail-leads-62,Rhodora,"197 Adelphi St, Brooklyn, NY 11205",Brooklyn,US,NY,Wine bar,40.6917428,-73.9714335,internal: Retail_Wholesale Leads - Retail.csv,2026-09-16T23:27:22.585481+00:00,resolved,,,https://www.rhodorabk.com/,,hello@rhodorabk.com,False,False,active,True,['Unified Ferments'],cool website,,,Unified Ferments
retail-leads-63,RIALTO GRANDE,"644 Franklin Ave, Brooklyn, NY 11238",Brooklyn,US,NY,Bar,40.676344,-73.9561451,internal: Retail_Wholesale Leads - Retail.csv,2026-09-16T23:27:22.585481+00:00,resolved,,,www.rialtogrande.com,,rialtogrande+events@gmail.com,False,False,active,False,['Unified Ferments'],,,,Unified Ferments
retail-leads-64,ROBERTA'S,"261 Moore St, Brooklyn, NY 11206",Brooklyn,US,NY,Pizza Restaurant,40.7050062,-73.9335894,internal: Retail_Wholesale Leads - Retail.csv,2026-09-16T23:27:22.585481+00:00,resolved,,,https://www.robertaspizza.com/,(718) 417-1118,info@robertaspizza.com,False,False,active,False,['Unified Ferments'],chain,,,Unified Ferments
retail-leads-65,SAA,"154 Scott Avenue, New York, New York 11237",Brooklyn,US,NY,Club/Event Space,40.7120729,-73.9230917,internal: Retail_Wholesale Leads - Retail.csv,2026-09-16T23:27:22.585481+00:00,resolved,,@saabrooklyn,https://www.saa.nyc/,,membership@saa.nyc,False,False,active,False,['NON'],,,,NON
retail-leads-66,Sahadi's,"187 Atlantic Avenue, New York, New York 11201",Brooklyn,US,NY,Grocery Store,40.6902045,-73.9933683,internal: Retail_Wholesale Leads - Retail.csv,2026-09-16T23:27:22.585481+00:00,resolved,https://sahadis.com/pages/contact,,sahadis.com,(718) 624-4550,,False,False,active,False,['NON'],,,,NON
retail-leads-67,SAINT JAMES LIBATIONS,"269 Stanhope St, Brooklyn, NY 11237",Brooklyn,US,NY,Wine Bar,40.701737,-73.9195609,internal: Retail_Wholesale Leads - Retail.csv,2026-09-16T23:27:22.585481+00:00,resolved,,,https://saintjameslibations.com/,(646) 807-9190,mgmt@saintjameslibations.com,False,False,active,False,['NON'],,,,NON
retail-leads-68,SAINT JULIVERT,"264 Clinton St, Brooklyn, NY 11201",Brooklyn,US,NY,Spanish + Japanease Seafood,40.6878726,-73.9956517,internal: Retail_Wholesale Leads - Retail.csv,2026-09-16T23:27:22.585481+00:00,resolved,,,www.saintjulivertbk.com,(347) 987-3710,hello@saintjulivertbk.com,False,False,active,False,['Unified Ferments'],,,,Unified Ferments
retail-leads-69,Sauced,"331 Bedford Ave, Brooklyn, NY 11211",Brooklyn,US,NY,Wine bar,40.7126356,-73.9622739,internal: Retail_Wholesale Leads - Retail.csv,2026-09-16T23:27:22.585481+00:00,resolved,https://www.saucedbklyn.com/pages/contact,,www.saucedbklyn.com,(929) 492-4758,,False,False,active,True,['Retail Prospects'],,,,Retail Prospects
retail-leads-70,SIGNAL,"175 Morgan Avenue, New York, New York 11206",Brooklyn,US,NY,Night Club,40.7101356,-73.9335504,internal: Retail_Wholesale Leads - Retail.csv,2026-09-16T23:27:22.585481+00:00,resolved,https://www.signalnyc.club/about,,www.signalnyc.club,,,False,False,active,False,['NON'],,,,NON
retail-leads-71,SISTERS,"900 Fulton St, Brooklyn, NY 11238",Brooklyn,US,NY,New American,40.6828902,-73.9652113,internal: Retail_Wholesale Leads - Retail.csv,2026-09-16T23:27:22.585481+00:00,resolved,,,https://www.sistersbklyn.com/contact/,(347) 763-2537,SISTERSBKLYN@GMAIL.COM,False,False,active,False,['Unified Ferments'],,,,Unified Ferments
retail-leads-72,Soft Bar,"200 Banker St, Brooklyn, NY 11222",Brooklyn,US,NY,Non-alc dedicated bar + cafe,40.7250533,-73.9557248,internal: Retail_Wholesale Leads - Retail.csv,2026-09-16T23:27:22.585481+00:00,resolved,,,https://soft-bar.com/,,hello@soft-bar.com,False,False,active,True,['Retail Prospects'],,,,Retail Prospects
retail-leads-73,Still Life,"573 Sackett St, Brooklyn NY",Brooklyn,US,NY,Coffee house / art space,40.6793584,-73.985329,internal: Retail_Wholesale Leads - Retail.csv,2026-09-16T23:27:22.585481+00:00,resolved,,,www.stilllifecafe.com,,info@stilllifecafe.com,False,False,active,True,['Retail Prospects'],,,,Retail Prospects
retail-leads-74,SU'JUK,"216 Greene Avenue, New York, New York 11238",Brooklyn,US,NY,Clothing Store,40.6868743,-73.9627409,internal: Retail_Wholesale Leads - Retail.csv,2026-09-16T23:27:22.585481+00:00,resolved,https://www.sujukbk.com/pages/contact,,www.sujukbk.com,(914) 573-7545,,False,False,active,False,['NON'],,,,NON
retail-leads-75,SUNRISE/SUNSET,"351 Evergreen Ave, Brooklyn, NY 11221",Brooklyn,US,NY,Bar,40.6937686,-73.9227426,internal: Retail_Wholesale Leads - Retail.csv,2026-09-16T23:27:22.585481+00:00,resolved,,,www.sunrisesunsetbk.com,(347) 442-5880,sunrisesunsetmgmt@gmail.com,False,False,active,False,['Unified Ferments'],,,,Unified Ferments
retail-leads-76,The Coyote Club,"417 Throop Ave, Brooklyn, NY 11221",Brooklyn,US,NY,Bar,40.6886088,-73.9418208,internal: Retail_Wholesale Leads - Retail.csv,2026-09-16T23:27:22.585481+00:00,resolved,,https://www.instagram.com/thecoyoteclub_bk/?hl=en,,,thecoyoteclubbrooklyn@gmail.com,False,False,active,True,['Retail Prospects'],"cash only, no email, check insta vibes",,,Retail Prospects
retail-leads-77,THE FLY,"549 Classon Avenue, Brooklyn, NY, 11238",Brooklyn,US,NY,Resturant Bar,40.682011,-73.9584752,internal: Retail_Wholesale Leads - Retail.csv,2026-09-16T23:27:22.585481+00:00,resolved,,,https://www.theflybrooklyn.com/,(347) 405-5300,hello@theflybrooklyn.com,True,False,active,False,['Unified Ferments'],vibey spot,,,Unified Ferments
retail-leads-78,TONCHIN Williamsburg,"109 N 3rd St, Brooklyn, NY 11249",Brooklyn,US,NY,Japanese Restaurant,40.7168274,-73.9617324,internal: Retail_Wholesale Leads - Retail.csv,2026-09-16T23:27:22.585481+00:00,resolved,,,www.tonchinus.com,(929) 552-5396,info@tonchinbrooklyn.com,False,False,active,False,['Unified Ferments'],,,,Unified Ferments
retail-leads-79,Twins Lounge,"732 Manhattan Ave, Brooklyn, NY 11222",Brooklyn,US,NY,Bar/lounge,40.7263236,-73.9519314,internal: Retail_Wholesale Leads - Retail.csv,2026-09-16T23:27:22.585481+00:00,resolved,,www.instagram.com/twinsloungenyc,,,twinsloungenyc@gmail.com,False,False,active,True,['Retail Prospects'],,,,Retail Prospects
retail-leads-80,VINEGAR HILL HOUSE,"72 Hudson Ave, Brooklyn, NY 11201",Brooklyn,US,NY,New American,40.7027589,-73.981299,internal: Retail_Wholesale Leads - Retail.csv,2026-09-16T23:27:22.585481+00:00,resolved,,,www.vinegarhillhouse.com,(718) 522-1018,info@vinegarhillhouse.com,False,False,active,False,['Unified Ferments'],,,,Unified Ferments
retail-leads-81,WEN WEN,"1025 Manhattan Avenue, Brooklyn, NY, 11222",Brooklyn,US,NY,Taiwanese,40.7339722,-73.9551308,internal: Retail_Wholesale Leads - Retail.csv,2026-09-16T23:27:22.585481+00:00,resolved,,,https://www.wenwenbrooklyn.com/,(646) 901-5644,wenwen@eighteightsix.com,True,False,active,False,['Unified Ferments'],,,,Unified Ferments
retail-leads-82,WIN SON,"159 Graham Ave, Brooklyn, NY 11206",Brooklyn,US,NY,Taiwanease Restaurant,40.7074472,-73.9433955,internal: Retail_Wholesale Leads - Retail.csv,2026-09-16T23:27:22.585481+00:00,resolved,,,www.winsonbrooklyn.com,(347) 457-6010,info@winsonbrooklyn.com,False,False,active,False,['Unified Ferments'],,,,Unified Ferments
retail-leads-83,With Others,"340 Bedford Ave, Brooklyn, NY 11249",Brooklyn,US,NY,Wine bar,40.7128067,-73.962569,internal: Retail_Wholesale Leads - Retail.csv,2026-09-16T23:27:22.585481+00:00,resolved,,,www.withothersbrooklyn.com,(929) 389-0807,shanna@withothersbrooklyn.com,False,False,active,True,['Retail Prospects'],,,,Retail Prospects
retail-leads-84,EXTRA EXTRA PIZZA,"549 West Utica Street, Buffalo, NY, 14213",Buffalo,US,NY,Pizza Restaurant,42.9114879,-78.8871705,internal: Retail_Wholesale Leads - Retail.csv,2026-09-16T23:27:22.585481+00:00,resolved,,,https://www.extraextrapizza.com/,(716) 248-2994,extraextrapizza549@gmail.com,False,False,active,False,['Unified Ferments'],,,,Unified Ferments
retail-leads-85,DrySpace Beverage,"37 Cedar St, Dobbs Ferry, NY 10522",Dobbs Ferry,US,NY,Liquor Store,41.015552,-73.872428,internal: Retail_Wholesale Leads - Retail.csv,2026-09-16T23:27:22.585481+00:00,resolved,,https://www.instagram.com/dryspacebev/,https://dryspacebev.com/,,,False,False,active,False,['NON'],,,,NON
retail-leads-86,MAIDSTONE ARMS,"207 Main St, East Hampton, NY 11937",East Hampton,US,NY,Hotel,40.9553817,-72.1940458,internal: Retail_Wholesale Leads - Retail.csv,2026-09-16T23:27:22.585481+00:00,resolved,,,https://themaidstone.com/,(631) 324-5006,ciao@themaidstone.com,False,False,active,False,['NON'],,,,NON
retail-leads-87,KINDRED FARE,"512 Hamilton Street, Geneva, NY, 14456",Geneva,US,NY,American Restaurant,42.8570427,-77.0071032,internal: Retail_Wholesale Leads - Retail.csv,2026-09-16T23:27:22.585481+00:00,resolved,https://kindredfare.com/contact,,kindredfare.com,(315) 787-0400,,False,False,active,False,['Unified Ferments'],,,,Unified Ferments
retail-leads-88,Nowadays,"56-06 Cooper Ave, Glendale, NY 11385",Glendale,US,NY,Bar/club,40.7006904,-73.8827941,internal: Retail_Wholesale Leads - Retail.csv,2026-09-16T23:27:22.585481+00:00,resolved,,,https://nowadays.nyc/about/,,hello@nowadays.nyc,False,False,active,True,['Retail Prospects'],,,,Retail Prospects
retail-leads-89,HUDSON DRY,"421 Warren St, Hudson, NY 12534",Hudson,US,NY,Store,42.2504316,-73.7882474,internal: Retail_Wholesale Leads - Retail.csv,2026-09-16T23:27:22.585481+00:00,resolved,,,https://hudsondry.com/,(518) 660-0421,Melissa@rubypr.com,False,False,active,False,['NON'],,,,NON
retail-leads-90,LIL DEB'S OASIS,"747 Columbia Street, City of Hudson, NY, 12534",Hudson,US,NY,Pan-Latin restaurant,42.2472375,-73.7807992,internal: Retail_Wholesale Leads - Retail.csv,2026-09-16T23:27:22.585481+00:00,resolved,,,www.lildebsoasis.com,(518) 828-4307,hello@lildebsoasis.com,False,True,active,False,['Unified Ferments'],closing October 12th,,,Unified Ferments
retail-leads-91,Pocketbook Market,"549 Washington St, Hudson, NY 12534",Hudson,US,NY,Market,42.2504879,-73.7816963,internal: Retail_Wholesale Leads - Retail.csv,2026-09-16T23:27:22.585481+00:00,resolved,,,https://www.pocketbookhudson.com/shops,,reservations@pocketbookhudson.com,False,False,active,True,['Retail Prospects'],,,,Retail Prospects
retail-leads-92,Talbott & Arding,"202 Allen St, Hudson, NY 12534",Hudson,US,NY,Market,42.2533454,-73.7946524,internal: Retail_Wholesale Leads - Retail.csv,2026-09-16T23:27:22.585481+00:00,resolved,,,https://talbottandarding.com/,(518) 828-3558,info@talbottandarding.com,False,False,active,False,['Savoure'],,,,Savoure
retail-leads-93,MAIN STREET FARM,"36 Main St Unit B & C, Livingston Manor, NY 12758",Livingston Manor,US,NY,Cafe,41.9014051,-74.8271601,internal: Retail_Wholesale Leads - Retail.csv,2026-09-16T23:27:22.585481+00:00,resolved,,,mainstreetfarm.com,(845) 439-4309,info@mainstreetfarm.com,False,False,active,False,['NON'],,,,NON
retail-leads-94,Burden of Proof,"1012 Mission Street, Unit B, South Pasadena, CA 91030",Los Angeles,US,CA,N/a bottle shop,34.1158814,-118.1565416,internal: Retail_Wholesale Leads - Retail.csv,2026-09-16T23:27:22.585481+00:00,resolved,,,,626) 671-3175,burdenofproofna@gmail.com,False,False,active,True,['Retail Prospects'],"Dean Peterson is a co-owner, was featured in this video",,,Retail Prospects
retail-leads-95,Air HQ,"3 Howard St, New York, NY 10013",New York,US,NY,Software company with pop-up space,40.7188757,-73.9996337,internal: Retail_Wholesale Leads - Retail.csv,2026-09-16T23:27:22.585481+00:00,resolved,,,https://air.inc/about,(419) 902-7392,,False,False,active,True,['Retail Prospects'],Alt phone from retail tab: (212) 920-1426; Venus sent open call message in Libi community chat for their cafe window which is open for applications for later half of 2026 and 2027. open to beverages,,,Retail Prospects
retail-leads-96,ALISON (East Harlem),"1651 Lexington Ave, New York, NY 10029, USA",New York,US,NY,American restaurant,40.7909848,-73.9470267,internal: Retail_Wholesale Leads - Retail.csv,2026-09-16T23:27:22.585481+00:00,resolved,,,alisonny.com,(646) 876-1054,info@alisonny.com,False,False,active,False,['Unified Ferments'],,,,Unified Ferments
retail-leads-97,ALISON (East Village),"110 St Marks Pl, New York, NY 10009",New York,US,NY,American restaurant,40.7269425,-73.9843505,internal: Retail_Wholesale Leads - Retail.csv,2026-09-16T23:27:22.585481+00:00,resolved,,,alisonny.com,(646) 410-0732,info@alisonny.com,False,False,active,False,['Unified Ferments'],,,,Unified Ferments
retail-leads-98,AMAN HOTEL,"724 5th Avenue, New York, New York 10019",New York,US,NY,Hotel,40.7626916,-73.9746267,internal: Retail_Wholesale Leads - Retail.csv,2026-09-16T23:27:22.585481+00:00,resolved,,,,(754) 216-7830,reservations@aman.com,False,False,active,False,['NON'],,,,NON
retail-leads-99,AMAN NEW YORK,"730 5th Avenue, Manhattan, NY, 10019",New York,US,NY,Hotel,40.762807,-73.9743058,internal: Retail_Wholesale Leads - Retail.csv,2026-09-16T23:27:22.585481+00:00,resolved,,,https://www.aman.com/hotels/aman-new-york/contact-us,(212) 970-2626,reservations.ny@aman.com,True,False,active,False,['Unified Ferments'],,,,Unified Ferments
retail-leads-100,AMOR Y AMARGO,"97 Avenue A, New York, New York 10009",New York,US,NY,Bar,40.7257597,-73.9841725,internal: Retail_Wholesale Leads - Retail.csv,2026-09-16T23:27:22.585481+00:00,resolved,,,https://www.amoryamargo.com/,(833) 328-4588,speakup@overthrowhospitality.com,False,False,active,False,['NON'],,,,NON
retail-leads-101,ARDESIA,"510 West 52nd Street, New York, New York 10019",New York,US,NY,Wine Bar,40.7661486,-73.9917908,internal: Retail_Wholesale Leads - Retail.csv,2026-09-16T23:27:22.585481+00:00,resolved,,,https://www.ardesia-ny.com/,(212) 247-9191,info@ardesia-ny.com,False,False,active,False,['NON'],,,,NON
retail-leads-102,AS IS,"734 10th Avenue, Manhattan, NY, 10019",New York,US,NY,Bar,40.7646909,-73.9915481,internal: Retail_Wholesale Leads - Retail.csv,2026-09-16T23:27:22.585481+00:00,resolved,,,https://www.asisnyc.com/,(646) 858-1153,info@asisnyc.com,False,False,active,False,['Unified Ferments'],,,,Unified Ferments
retail-leads-103,ATOBOY,"43 E 28th St, New York, NY 10016",New York,US,NY,Korean Restaurant,40.7438418,-73.9850783,internal: Retail_Wholesale Leads - Retail.csv,2026-09-16T23:27:22.585481+00:00,resolved,,,www.atoboynyc.com,(646) 476-7217,info@atoboynyc.com,False,False,active,False,['Unified Ferments'],,,,Unified Ferments
retail-leads-104,ATOMIX,"104 East 30th Street, New York, New York 10016",New York,US,NY,Korean Restaurant,40.7442224,-73.9828456,internal: Retail_Wholesale Leads - Retail.csv,2026-09-16T23:27:22.585481+00:00,resolved,,,https://www.atomixnyc.com/,,info@atomixnyc.com,False,False,active,False,"['NON', 'Unified Ferments']",,,,NON
retail-leads-104,ATOMIX,"104 East 30th Street, New York, New York 10016",New York,US,NY,Korean Restaurant,40.7442224,-73.9828456,internal: Retail_Wholesale Leads - Retail.csv,2026-09-16T23:27:22.585481+00:00,resolved,,,https://www.atomixnyc.com/,,info@atomixnyc.com,False,False,active,False,"['NON', 'Unified Ferments']",,,,Unified Ferments
retail-leads-105,AVERY FISHER HALL/ Davud Geffen Hall,"10 Lincoln Center Plaza, New York, NY 10023",New York,US,NY,Performing Arts Theater,40.7728685,-73.9830572,internal: Retail_Wholesale Leads - Retail.csv,2026-09-16T23:27:22.585481+00:00,resolved,,,www.lincolncenter.org/venue/david-geffen-hall,(212) 875-5656,guestexperience@lincolncenter.org,False,False,active,False,['NON'],,,,NON
retail-leads-106,BARN JOO NOMAD,"818 6th Avenue, New York, New York 10001",New York,US,NY,Gastropub,40.746109,-73.9902376,internal: Retail_Wholesale Leads - Retail.csv,2026-09-16T23:27:22.585481+00:00,resolved,,,www.barnjoonomad.com,(917) 409-1637,info@barnjoonomad.com,False,False,active,False,['NON'],,,,NON
retail-leads-107,BIG Night Upper East Side,"1015 Lexington Ave, New York, NY 10021",New York,US,NY,Retail Store for dinner parties,40.7708997,-73.9617369,internal: Retail_Wholesale Leads - Retail.csv,2026-09-16T23:27:22.585481+00:00,resolved,,,bignightbk.com,(332) 205-3584,vendors@shopbignight.com,False,False,active,False,['Unified Ferments'],,,,Unified Ferments
retail-leads-108,BIG NIGHT West Village,"236 W 10th St, New York, NY 10014",New York,US,NY,Retail Store for dinner parties,40.7337857,-74.0054962,internal: Retail_Wholesale Leads - Retail.csv,2026-09-16T23:27:22.585481+00:00,resolved,,,bignightbk.com,(646) 370-6839,vendors@shopbignight.com,False,False,active,False,['Unified Ferments'],,,,Unified Ferments
retail-leads-109,BLUE NOTE JAZZ CLUB,"131 West 3rd Street, New York, New York 10012",New York,US,NY,Live Music Venue,40.7308315,-74.0007251,internal: Retail_Wholesale Leads - Retail.csv,2026-09-16T23:27:22.585481+00:00,resolved,https://www.bluenotejazz.com/nyc/contact/,,www.bluenotejazz.com/nyc,(212) 475-8592,,False,False,active,False,['NON'],,,,NON
retail-leads-110,BOBO RESTAURANT,"181 West 10th Street, New York, New York 10014",New York,US,NY,French Restaurant,40.7344519,-74.0026125,internal: Retail_Wholesale Leads - Retail.csv,2026-09-16T23:27:22.585481+00:00,resolved,https://www.bobonyc.com/contact/,,https://www.bobonyc.com/,(212) 488-2626,,False,False,active,False,['NON'],,,,NON
retail-leads-111,BOTTLEROCKET WINE & SPIRIT,"5 West 19th Street, Manhattan, NY, 10011",New York,US,NY,Liquor Store,40.7392968,-73.9916316,internal: Retail_Wholesale Leads - Retail.csv,2026-09-16T23:27:22.585481+00:00,resolved,,,bottlerocket.com,(212) 929-2323,rocketmail@bottlerocket.com,True,False,active,False,['NON'],,,,NON
retail-leads-112,Brookfield Place FOR FIVE COFFEE ROASTERS,"225 Liberty St, New York, NY 10281",New York,US,NY,Coffee Shop,40.712272,-74.0154361,internal: Retail_Wholesale Leads - Retail.csv,2026-09-16T23:27:22.585481+00:00,resolved,https://www.forfivecoffee.com/contact/,,https://www.forfivecoffee.com/contact/,(347) 531-0813,,False,False,active,False,['NON'],,,,NON
retail-leads-113,CHAMA MAMA,"373 Amsterdam Ave, New York, NY 10024",New York,US,NY,Georgian restaurant,40.7822579,-73.9787499,internal: Retail_Wholesale Leads - Retail.csv,2026-09-16T23:27:22.585481+00:00,resolved,,,www.chamamama.com/location/chama-mama-uws,(917) 261-7430,info@chamamama.com,False,False,active,False,['Unified Ferments'],,,,Unified Ferments
retail-leads-114,CHEZ FIFI,"140 East 74th Street, New York, New York 10021",New York,US,NY,Restaurant,40.7716858,-73.961555,internal: Retail_Wholesale Leads - Retail.csv,2026-09-16T23:27:22.585481+00:00,resolved,,,https://www.chezfifinyc.com/,,"reservations@chezfifinyc.com, events@chezfifinyc.com",False,False,active,False,['NON'],,,,NON
retail-leads-115,CLAUDETTE,"24 Fifth Ave, New York, NY 10011, USA",New York,US,NY,French Restaurant,40.73528,-73.99647,internal: Retail_Wholesale Leads - Retail.csv,2026-09-16T23:27:22.585481+00:00,resolved,,,www.claudettenyc.com,(212) 868-2424,events@claudettenyc.com,True,False,active,False,['NON'],,,,NON
retail-leads-116,COMPAGNIE DE VINS,"249, Centre Street, New York, New York, 10013, United States",New York,US,NY,Wine Bar,40.7204999,-73.9980785,internal: Retail_Wholesale Leads - Retail.csv,2026-09-16T23:27:22.585481+00:00,resolved,,,https://www.experimentalgroup.com/new-york/la-compagnie-centre-street,,reservation@compagnienyc.com,False,False,active,False,['Unified Ferments'],,,,Unified Ferments
retail-leads-117,CROWN SHY,"70 Pine Street, Manhattan, NY, 10005",New York,US,NY,American Restaurant,40.7064733,-74.0077415,internal: Retail_Wholesale Leads - Retail.csv,2026-09-16T23:27:22.585481+00:00,resolved,,,www.crownshy.nyc,(212) 517-1932,info@crownshy.nyc,True,False,active,False,"['NON', 'Unified Ferments']",,,,NON
retail-leads-117,CROWN SHY,"70 Pine Street, Manhattan, NY, 10005",New York,US,NY,American Restaurant,40.7064733,-74.0077415,internal: Retail_Wholesale Leads - Retail.csv,2026-09-16T23:27:22.585481+00:00,resolved,,,www.crownshy.nyc,(212) 517-1932,info@crownshy.nyc,True,False,active,False,"['NON', 'Unified Ferments']",,,,Unified Ferments
retail-leads-118,Dimes Deli,"143 Division St, New York, NY 10002",New York,US,NY,Deli/market,40.714439,-73.9908127,internal: Retail_Wholesale Leads - Retail.csv,2026-09-16T23:27:22.585481+00:00,resolved,,,https://dimesnyc.com/deli,(212) 240-9410,dimesmarket@dimesnyc.com,False,False,active,False,['Savoure'],,,,Savoure
retail-leads-119,Dimes Market,"143 Division St, New York, NY 10002",New York,US,NY,Market,40.714439,-73.9908127,internal: Retail_Wholesale Leads - Retail.csv,2026-09-16T23:27:22.585481+00:00,resolved,,@dimestimes,https://dimesnyc.com/market,(646) 870-5113,dimesmarket@dimesnyc.com,False,False,active,True,['Retail Prospects'],,,,Retail Prospects
retail-leads-120,EAST VILLAGE FARM,"69 2nd Ave, New York, NY 10003",New York,US,NY,Grocery Store,40.7263624,-73.9895297,internal: Retail_Wholesale Leads - Retail.csv,2026-09-16T23:27:22.585481+00:00,resolved,https://www.eastvillagemeatmarket.com/contact,,https://www.mercato.com/shop/east-village-farm-grocery?srsltid=AfmBOoqFiZfLRoqCfy4PJYV5mMd-QnM9j0KQ2jbfCxt9nbqWAqIuFlzr,(212) 477-1385,,False,False,active,False,['NON'],,,,NON
retail-leads-121,EDITION HOTELS,"5 Madison Avenue, Manhattan, NY, 10010",New York,US,NY,Hotel,40.7413262,-73.9874695,internal: Retail_Wholesale Leads - Retail.csv,2026-09-16T23:27:22.585481+00:00,resolved,,,https://www.editionhotels.com/,(212) 413-4200,info.nyc@editionhotels.com,True,False,active,False,['NON'],,,,NON
retail-leads-122,ELEVEN MADISON PARK,"11 Madison Ave, New York, NY 10010",New York,US,NY,Fine dining restaurant,40.7415982,-73.9871904,internal: Retail_Wholesale Leads - Retail.csv,2026-09-16T23:27:22.585481+00:00,resolved,,,www.elevenmadisonpark.com,(212) 889-0905,infoemp@elevenmadisonpark.com,False,False,active,False,['Unified Ferments'],,,,Unified Ferments
retail-leads-123,ESSENTIAL BY CHRISTOPHE,"2178 Broadway, New York, New York 10024",New York,US,NY,French Restaurant,40.7821698,-73.9804834,internal: Retail_Wholesale Leads - Retail.csv,2026-09-16T23:27:22.585481+00:00,resolved,https://www.essentialbychristophe.com/contact-essential-nyc/,,https://www.essentialbychristophe.com/,(646) 478-7928,,False,False,active,False,['NON'],,,,NON
retail-leads-124,ETC VENUE,"East 54th Street, New York, New York 10022",New York,US,NY,Event Venue,40.7568846,-73.9655088,internal: Retail_Wholesale Leads - Retail.csv,2026-09-16T23:27:22.585481+00:00,resolved,,,https://convene.com/locations/new-york-city/601-lexington-avenue/,(646) 844-6004,,False,False,active,False,['NON'],odd event espace,,,NON
retail-leads-125,FELICE 64,"1166 1st avenue (at 64th street) - New York, NY 10065",New York,US,NY,Italian Restaurant,,,internal: Retail_Wholesale Leads - Retail.csv,2026-09-16T23:27:22.585481+00:00,failed,,,https://www.felicerestaurants.com/felice-64/,(212) 593-2223,felice64@felicerestaurants.com,False,True,active,False,['NON'],,,,NON
retail-leads-126,FREVO,"48 West 8th Street, New York, New York 10011",New York,US,NY,Fine Dining Restaurant,40.7330388,-73.9987289,internal: Retail_Wholesale Leads - Retail.csv,2026-09-16T23:27:22.585481+00:00,resolved,,,https://frevonyc.com/,(646) 455-0804,,False,False,active,False,['NON'],,,,NON
retail-leads-127,Gem,"181 Mott St, New York, NY 10012",New York,US,NY,Specialty grocery store,40.720691,-73.9960831,internal: Retail_Wholesale Leads - Retail.csv,2026-09-16T23:27:22.585481+00:00,resolved,,,www.gemhomenyc.com,,info@gemhomenyc.com,False,False,active,True,['Unified Ferments'],*stocks UF + NON,,,Unified Ferments
retail-leads-128,GRAMERCY TAVERN,"42 East 20th Street, New York, New York 10003",New York,US,NY,American Restaurant,40.7383894,-73.988414,internal: Retail_Wholesale Leads - Retail.csv,2026-09-16T23:27:22.585481+00:00,resolved,,,www.gramercytavern.com,(212) 477-0777,gtavern@gramercytavern.com,False,False,active,False,['NON'],,,,NON
retail-leads-129,HAGS,"167 1st Avenue, New York, New York 10003",New York,US,NY,Fine Dining Restaurant,40.7291286,-73.9845897,internal: Retail_Wholesale Leads - Retail.csv,2026-09-16T23:27:22.585481+00:00,resolved,,,hagsnyc.com,(845) 871-2252,info@hagsnyc.com,False,False,active,False,['NON'],,,,NON
retail-leads-130,HAPPIER GROCERY,"369 Canal Street, New York, New York 10013",New York,US,NY,Grocery Store,40.7213096,-74.0041949,internal: Retail_Wholesale Leads - Retail.csv,2026-09-16T23:27:22.585481+00:00,resolved,,,https://www.happiergrocery.com/,(212) 837-8015,PARTNERSHIPS@HAPPIERGROCERY.COM,False,False,active,True,['NON'],this one is cool!,,,NON
retail-leads-131,HOTEL ON RIVINGTON,"107 Rivington Street, New York, New York 10002",New York,US,NY,Hotel,40.7198066,-73.9880825,internal: Retail_Wholesale Leads - Retail.csv,2026-09-16T23:27:22.585481+00:00,resolved,https://www.hotelonrivington.com/contact/,,www.hotelonrivington.com,(212) 475-2600,,False,False,active,False,['NON'],,,,NON
retail-leads-132,HUSO,"323A Greenwich Street, New York, NY 10013",New York,US,NY,Fine Dining Restaurant,40.7173283,-74.0105321,internal: Retail_Wholesale Leads - Retail.csv,2026-09-16T23:27:22.585481+00:00,resolved,,,https://husony.com/contact-us/,(212) 931-4876,huso@husony.com,False,False,active,False,['NON'],,,,NON
retail-leads-133,ILILI Midtown,"157 E 53rd St, New York, NY 10022",New York,US,NY,Lebanese Restaurant,40.7583874,-73.9702549,internal: Retail_Wholesale Leads - Retail.csv,2026-09-16T23:27:22.585481+00:00,resolved,,,https://www.ililirestaurants.com/,(646) 653-0330,midtowncontact@ililirestaurants.com,False,False,active,False,['NON'],,,,NON
retail-leads-134,ILILI Nomad,"236 5th Ave, New York, NY 10001",New York,US,NY,Lebanese Restaurant,40.7443707,-73.98779,internal: Retail_Wholesale Leads - Retail.csv,2026-09-16T23:27:22.585481+00:00,resolved,https://www.ililirestaurants.com/contact/,,https://www.ililirestaurants.com/,(212) 683-2929,,False,False,active,False,['NON'],,,,NON
retail-leads-135,Joyface,"104 Loisaida Ave, New York, NY 10009",New York,US,NY,Bar,40.723918,-73.9787909,internal: Retail_Wholesale Leads - Retail.csv,2026-09-16T23:27:22.585481+00:00,resolved,,,www.joyface.nyc,(917) 261-2166,info@joyface.nyc,False,False,active,True,['Retail Prospects'],,,,Retail Prospects
retail-leads-136,JUA,"36 East 22nd Street, New York, New York 10010",New York,US,NY,Korean Restaurant,40.7396992,-73.9878215,internal: Retail_Wholesale Leads - Retail.csv,2026-09-16T23:27:22.585481+00:00,resolved,,,www.juanyc.com,(646) 590-1598,info@juanyc.com,False,False,active,False,['NON'],,,,NON
retail-leads-137,KIKO,"307 Spring Street, New York, New York 10013",New York,US,NY,Asian Restaurant,40.7260984,-74.0084538,internal: Retail_Wholesale Leads - Retail.csv,2026-09-16T23:27:22.585481+00:00,resolved,,,https://www.kikonewyork.com/about,,Info@kikonewyork.com,False,False,active,False,['NON'],,,,NON
retail-leads-138,Kingston Hall,"149 2nd Ave, New York, NY 10003",New York,US,NY,Bar,40.7295329,-73.9874116,internal: Retail_Wholesale Leads - Retail.csv,2026-09-16T23:27:22.585481+00:00,resolved,,,www.kingstonhall.com,,info@kingstonhall.com,False,False,active,True,['Retail Prospects'],,,,Retail Prospects
retail-leads-139,L ABEILLE,"412 Greenwich Street, New York, New York 10013",New York,US,NY,French Restaurant,40.7218248,-74.0099473,internal: Retail_Wholesale Leads - Retail.csv,2026-09-16T23:27:22.585481+00:00,resolved,,,https://www.labeille.nyc/,(212) 542-3898,info@labeille.nyc,False,False,active,False,['NON'],,,,NON
retail-leads-140,LE CHENE,"76 Carmine Street, New York, New York 10014",New York,US,NY,French Restaurant,40.7296309,-74.0044397,internal: Retail_Wholesale Leads - Retail.csv,2026-09-16T23:27:22.585481+00:00,resolved,,,https://www.lechenenyc.com/,,bonjour@lechenenyc.com,False,False,active,False,['NON'],,,,NON
retail-leads-141,Le Dive LES,"37 Canal St, New York, NY 10002",New York,US,NY,Wine bar,40.7147362,-73.9909568,internal: Retail_Wholesale Leads - Retail.csv,2026-09-16T23:27:22.585481+00:00,resolved,,,https://www.ledivenyc.com/,,info@ledivenyc.com,False,False,active,True,['Retail Prospects'],,,,Retail Prospects
retail-leads-142,Le Dive West Village,"192 7th Ave S, New York, NY 10014",New York,US,NY,Wine bar,40.736338,-74.001501,internal: Retail_Wholesale Leads - Retail.csv,2026-09-16T23:27:22.585481+00:00,resolved,,,https://www.ledivenyc.com/,,info@ledivenyc.com,False,False,active,True,['Retail Prospects'],,,,Retail Prospects
retail-leads-143,LifeThyme Natural Market,"410 6th Ave, New York, NY 10011",New York,US,NY,Natural market,40.7337859,-73.9990589,internal: Retail_Wholesale Leads - Retail.csv,2026-09-16T23:27:22.585481+00:00,resolved,,,https://www.lifethymemarket.com/contact,(212) 420-1600,CS@lifethymemarket.com,False,False,active,False,['Savoure'],,,,Savoure
retail-leads-144,Lovers of Today,"132 1/2 E 7th St, New York, NY 10009",New York,US,NY,Bar,40.7258564,-73.9833298,internal: Retail_Wholesale Leads - Retail.csv,2026-09-16T23:27:22.585481+00:00,resolved,,,loversoftodaynyc.com,(212) 614-9798,info@loversoftodaynyc.com,False,False,active,True,['Retail Prospects'],,,,Retail Prospects
retail-leads-145,LUTHUN,"432 E 13th St, New York, NY 10009",New York,US,NY,Fine dining,40.729917,-73.9818905,internal: Retail_Wholesale Leads - Retail.csv,2026-09-16T23:27:22.585481+00:00,resolved,,,https://www.luthun.com/,(646) 454-9484,info@luthun.com,False,False,active,False,['Unified Ferments'],,,,Unified Ferments
retail-leads-146,Meadow Lane,"361 Greenwich Street, New York, New York 10013",New York,US,NY,Grocery Store,40.7190171,-74.0099987,internal: Retail_Wholesale Leads - Retail.csv,2026-09-16T23:27:22.585481+00:00,resolved,,,https://www.meadowlane.nyc/,,info@meadowlane.nyc,False,False,active,False,['NON'],,,,NON
retail-leads-147,MEDUZA MEDITERRANIA,"657 Hudson Street, New York, New York 10014",New York,US,NY,Mediterranean Restaurant,40.7396021,-74.0056026,internal: Retail_Wholesale Leads - Retail.csv,2026-09-16T23:27:22.585481+00:00,resolved,https://www.meduza33.com/contact,,www.meduza33.com,(646) 435-6544,,False,False,active,False,['NON'],,,,NON
retail-leads-148,MISSION CHINESE,"45 Mott Street, Manhattan, NY, 10013",New York,US,NY,Chinese Restaurant,40.7152913,-73.9989217,internal: Retail_Wholesale Leads - Retail.csv,2026-09-16T23:27:22.585481+00:00,resolved,,,www.missionchinesefood.com,(646) 368-9819,info@missionchinesefood.com,True,False,active,False,['Unified Ferments'],,,,Unified Ferments
retail-leads-149,MIXTECA,"1 Cornelia St, New York, NY 10014",New York,US,NY,Bar,40.687505,-73.918284,internal: Retail_Wholesale Leads - Retail.csv,2026-09-16T23:27:22.585481+00:00,resolved,,,,,mixteca@onecornelia.com,False,False,active,False,['NON'],,,,NON
retail-leads-150,MOONFLOWER,"201 West 11th Street, Manhattan, NY 10014, USA",New York,US,NY,Wine Bar,40.7366017,-74.0012861,internal: Retail_Wholesale Leads - Retail.csv,2026-09-16T23:27:22.585481+00:00,resolved,,,https://www.moonflower.nyc/,,hey@moonflower.nyc,False,False,active,False,['Unified Ferments'],,,,Unified Ferments
retail-leads-151,Mr Fongs,"40 Market St, New York, NY 10002",New York,US,NY,Bar,40.7124273,-73.9942509,internal: Retail_Wholesale Leads - Retail.csv,2026-09-16T23:27:22.585481+00:00,resolved,https://www.mrfongs.com/,,https://www.mrfongs.com/,(646) 964-4540,,False,False,active,True,['Retail Prospects'],,,,Retail Prospects
retail-leads-152,NARO,"610 5th Avenue, Manhattan, NY, 10020",New York,US,NY,Korean restaurant,40.7581247,-73.9777361,internal: Retail_Wholesale Leads - Retail.csv,2026-09-16T23:27:22.585481+00:00,resolved,,,naronyc.com,(212) 202-0206,info@naronyc.com,True,False,active,False,['Unified Ferments'],,,,Unified Ferments
retail-leads-153,NEUEHOUSE CANTEEN,"110 East 25th Street, New York, New York 10010",New York,US,NY,Event Venue,40.7410116,-73.9849372,internal: Retail_Wholesale Leads - Retail.csv,2026-09-16T23:27:22.585481+00:00,resolved,,,https://www.neuehouse.com/,(917) 508-0412,hello@neuehouse.com,False,False,active,False,['NON'],,,,NON
retail-leads-154,NICHE NICHE at Pearl Box,"357 W Broadway, New York, NY 10013",New York,US,NY,Bar/Event Space,40.7228997,-74.002988,internal: Retail_Wholesale Leads - Retail.csv,2026-09-16T23:27:22.585481+00:00,resolved,,,https://www.nichenichenyc.com/,(646) 370-4146,info@pearlboxnyc.com,False,False,active,False,['Unified Ferments'],this is where we went to stella groove and met Jasper in nyc,,,Unified Ferments
retail-leads-155,NOURY,"137 Sullivan Street, New York, New York 10012",New York,US,NY,Restaurant,40.7267968,-74.0017843,internal: Retail_Wholesale Leads - Retail.csv,2026-09-16T23:27:22.585481+00:00,resolved,,,https://www.nourynewyork.com/,,info@nourynewyork.com,False,False,active,False,['NON'],,,,NON
retail-leads-156,NOZ 17,"458 West 17th Street, New York, New York 10011",New York,US,NY,Sushi Restaurant,40.7438626,-74.006577,internal: Retail_Wholesale Leads - Retail.csv,2026-09-16T23:27:22.585481+00:00,resolved,,,https://www.noz.global/experience/noz-17,(917) 338-1792,reservations@sushinoz.com,False,False,active,False,['NON'],,,,NON
retail-leads-157,NUDIBRANCH,"Nudibranch, 125, 1st Avenue, East Village, Manhattan Community Board 3, Manhattan, New York County, New York, 10009, United States",New York,US,NY,Korean restaurant,40.7274036,-73.9856776,internal: Retail_Wholesale Leads - Retail.csv,2026-09-16T23:27:22.585481+00:00,resolved,,,nudibranchnyc.com,(646) 918-7926,admin@nudibranchnyc.com,False,False,active,False,['Unified Ferments'],,,,Unified Ferments
retail-leads-158,PERGOLA,"36 West 28th Street, New York, New York 10001",New York,US,NY,Mediterranean Restaurant,40.7454091,-73.9895835,internal: Retail_Wholesale Leads - Retail.csv,2026-09-16T23:27:22.585481+00:00,resolved,,,www.pergolanewyork.com,(212) 679-4842,info@pergolanewyork.com,False,False,active,False,['NON'],,,,NON
retail-leads-159,PINCH CHINESE,"177 Prince St, New York, NY 10012",New York,US,NY,Chinese Restaurant,40.7264482,-74.001799,internal: Retail_Wholesale Leads - Retail.csv,2026-09-16T23:27:22.585481+00:00,resolved,,,www.pinchchinese.com,(212) 328-7880,nihao@pinchchinese.com,False,False,active,False,['Unified Ferments'],,,,Unified Ferments
retail-leads-160,PLEASE DONT TELL,"113 Saint Marks Place, New York, New York 10009",New York,US,NY,Cocktail Bar,40.7271337,-73.9837348,internal: Retail_Wholesale Leads - Retail.csv,2026-09-16T23:27:22.585481+00:00,resolved,https://www.pdtnyc.com/private-events,,https://www.pdtnyc.com/,,,False,False,active,False,['NON'],,,,NON
retail-leads-161,Quorum by Convene,"1221 6th Ave, New York, NY 10020",New York,US,NY,Event Venue,40.7595136,-73.9825069,internal: Retail_Wholesale Leads - Retail.csv,2026-09-16T23:27:22.585481+00:00,resolved,,,https://convene.com/locations/new-york-city/1221-avenue-of-the-americas/,(888) 730-7307,,False,False,active,False,['NON'],,,,NON
retail-leads-162,Ray's,"177 Chrystie St, New York, NY 10002",New York,US,NY,Bar,40.721116,-73.9925205,internal: Retail_Wholesale Leads - Retail.csv,2026-09-16T23:27:22.585481+00:00,resolved,https://www.raysbarnyc.com/contact/,,www.raysbarnyc.com/location/les,,,False,False,active,True,['Retail Prospects'],,,,Retail Prospects
retail-leads-163,ROEYS,"59 Greenwich Avenue, New York, New York 10014",New York,US,NY,Pizza Restaurant,40.7360339,-74.0010212,internal: Retail_Wholesale Leads - Retail.csv,2026-09-16T23:27:22.585481+00:00,resolved,https://www.roeysnyc.com/contact/,,,(646) 864-1200,info@roeysnyc.com,False,False,active,False,['NON'],,,,NON
retail-leads-164,ROSEMARYS,"18 Greenwich Ave, New York, NY 10011",New York,US,NY,Italian Restaurant,40.7348164,-73.9998903,internal: Retail_Wholesale Leads - Retail.csv,2026-09-16T23:27:22.585481+00:00,resolved,,,https://www.rosemarysnyc.com/location/rosemarys-west-village/,(212) 647-1818,info@rosemarysnyc.com,False,False,active,False,['NON'],,,,NON
retail-leads-165,ROSEMARYS EAST,"350 1st Avenue, New York, New York 10010",New York,US,NY,Italian Restaurant,40.7350464,-73.9791563,internal: Retail_Wholesale Leads - Retail.csv,2026-09-16T23:27:22.585481+00:00,resolved,,,https://www.rosemarysnyc.com/location/rosemarys-east/,(646) 868-5335,info@rosemarysnyc.com,False,False,active,False,['NON'],,,,NON
retail-leads-166,ROXY HOTEL,"2 6th Avenue, New York, New York 10013",New York,US,NY,Hotel,40.7193091,-74.0048375,internal: Retail_Wholesale Leads - Retail.csv,2026-09-16T23:27:22.585481+00:00,resolved,,,www.roxyhotelnyc.com,(212) 519-6600,info@roxyhotelnyc.com,False,False,active,False,['NON'],,,,NON
retail-leads-167,RUFFIAN,"125 East 7th Street, Manhattan, NY, 10009",New York,US,NY,Wine Bar,40.7265409,-73.9840094,internal: Retail_Wholesale Leads - Retail.csv,2026-09-16T23:27:22.585481+00:00,resolved,,,https://ruffiannyc.com/,(347) 674-1618,ruffianbar@gmail.com,True,False,active,False,['Unified Ferments'],,,,Unified Ferments
retail-leads-168,SAGA,"70 Pine St, 63rd Floor, New York, NY 10005, USA",New York,US,NY,Fine Dining,40.7064733,-74.0077415,internal: Retail_Wholesale Leads - Retail.csv,2026-09-16T23:27:22.585481+00:00,resolved,,,https://www.saga-nyc.com/,(212) 339-3963,"reservations@saga-nyc.com, careers@saga-nyc.com",True,True,active,False,['Unified Ferments'],kenthospitalitygroup,,,Unified Ferments
retail-leads-169,SHOSH,"41 Greenwich Avenue, New York, New York 10014",New York,US,NY,Mediterranean Restaurant,40.7354055,-74.0007009,internal: Retail_Wholesale Leads - Retail.csv,2026-09-16T23:27:22.585481+00:00,resolved,,,https://www.shosh.nyc/,(646) 850-0297,info@shosh.nyc,False,False,active,False,['NON'],,,,NON
retail-leads-170,Silence Please,"132 Bowery, Fl 2, New York, NY 10013",New York,US,NY,Tea house and listening room,40.7189289,-73.9948154,internal: Retail_Wholesale Leads - Retail.csv,2026-09-16T23:27:22.585481+00:00,resolved,https://silenceplease.com/pages/contact,,silenceplease.com,,,False,False,active,True,['Retail Prospects'],,,,Retail Prospects
retail-leads-171,SMITH & MILLS Rockefeller Plz,"30 Rockefeller Plz, New York, New York 10112",New York,US,NY,Cocktail Bar,40.7591232,-73.979556,internal: Retail_Wholesale Leads - Retail.csv,2026-09-16T23:27:22.585481+00:00,resolved,https://www.smithandmills.com/contact,,https://www.smithandmills.com/,,,False,False,active,False,['NON'],,,,NON
retail-leads-172,SMITH & MILLS TriBeCa,"71 North Moore Street, Manhattan, NY, 10013",New York,US,NY,Cocktail Bar,40.7201805,-74.009907,internal: Retail_Wholesale Leads - Retail.csv,2026-09-16T23:27:22.585481+00:00,resolved,https://www.smithandmills.com/contact,,https://www.smithandmills.com/,,,False,False,active,False,['NON'],,,,NON
retail-leads-173,SOHO GRAND HOTEL,"310 West Broadway, Manhattan, NY, 10013",New York,US,NY,Hotel,40.7220039,-74.0043561,internal: Retail_Wholesale Leads - Retail.csv,2026-09-16T23:27:22.585481+00:00,resolved,https://www.sohogrand.com/contact/,,www.sohogrand.com,(212) 965-3000,,True,False,active,False,['NON'],Grand Bar & Salon 212) 965-3588,,,NON
retail-leads-174,SOMM TIME,"254 Broome Street, Manhattan, NY, 10002",New York,US,NY,Bar,40.7182064,-73.9899202,internal: Retail_Wholesale Leads - Retail.csv,2026-09-16T23:27:22.585481+00:00,resolved,,,https://sommtimenyc.com/,(212) 860-0401,rustmaria1977@gmail.com,True,False,active,False,"['NON', 'Unified Ferments']",,,,NON
retail-leads-174,SOMM TIME,"254 Broome Street, Manhattan, NY, 10002",New York,US,NY,Bar,40.7182064,-73.9899202,internal: Retail_Wholesale Leads - Retail.csv,2026-09-16T23:27:22.585481+00:00,resolved,,,https://sommtimenyc.com/,(212) 860-0401,rustmaria1977@gmail.com,True,False,active,False,"['NON', 'Unified Ferments']",,,,Unified Ferments
retail-leads-175,SPIRITED AWAY,"228 8th Ave, New York, NY 10011",New York,US,NY,Liquor Store,40.7443025,-73.998917,internal: Retail_Wholesale Leads - Retail.csv,2026-09-16T23:27:22.585481+00:00,resolved,https://www.spiritedaway.co/pages/contact,,www.spiritedaway.co,(929) 277-2520,,False,False,active,False,"['NON', 'Unified Ferments']",,,,NON
retail-leads-175,SPIRITED AWAY,"228 8th Ave, New York, NY 10011",New York,US,NY,Liquor Store,40.7443025,-73.998917,internal: Retail_Wholesale Leads - Retail.csv,2026-09-16T23:27:22.585481+00:00,resolved,https://www.spiritedaway.co/pages/contact,,www.spiritedaway.co,(929) 277-2520,,False,False,active,False,"['NON', 'Unified Ferments']",,,,Unified Ferments
retail-leads-176,SUSHI NOZ,"181 East 78th Street, New York, New York 10075",New York,US,NY,Sushi Restaurant,40.7738707,-73.9581175,internal: Retail_Wholesale Leads - Retail.csv,2026-09-16T23:27:22.585481+00:00,resolved,,,www.sushinoz.com,(917) 338-1792,reservations@sushinoz.com,False,False,active,False,['NON'],,,,NON
retail-leads-177,TEN BELLS,"247 Broome St, New York, NY 10002",New York,US,NY,Wine Bar,40.7178189,-73.9898454,internal: Retail_Wholesale Leads - Retail.csv,2026-09-16T23:27:22.585481+00:00,resolved,,,https://tenbellsnyc.com/contact/,(212) 228-4450,info@tenbellsnyc.com,False,False,active,False,['Unified Ferments'],,,,Unified Ferments
retail-leads-178,TERROIR TRIBECA,"24 Harrison Street, New York, New York 10013",New York,US,NY,Wine Bar,40.7188986,-74.0099667,internal: Retail_Wholesale Leads - Retail.csv,2026-09-16T23:27:22.585481+00:00,resolved,,,https://www.wineisterroir.com/,(212) 625-9463,info@wineisterroir.com,False,False,active,False,['NON'],,,,NON
retail-leads-179,THE BRONZE OWL,"49 West 32nd Street, New York, New York 10001",New York,US,NY,Cocktail Bar,40.7484716,-73.9877767,internal: Retail_Wholesale Leads - Retail.csv,2026-09-16T23:27:22.585481+00:00,resolved,,,https://thebronzeowlnyc.com/,(646) 838-9026,info@thebronzeowlnyc.com,False,False,active,False,['NON'],,,,NON
retail-leads-180,The Getaway 151,"743 Riverside Dr, New York, NY 10031, USA",New York,US,NY,American Resutrant,40.8291278,-73.9504324,internal: Retail_Wholesale Leads - Retail.csv,2026-09-16T23:27:22.585481+00:00,resolved,,,https://riversideparknyc.org/parks/the-getaway-151/,,thegetaway151@gmail.com,True,False,active,False,['Unified Ferments'],super cool spot! I'd go here in middle school,,,Unified Ferments
retail-leads-181,THE MANNER,"52 Thompson Street, New York, New York 10012",New York,US,NY,Resort hotel,40.7239134,-74.0033025,internal: Retail_Wholesale Leads - Retail.csv,2026-09-16T23:27:22.585481+00:00,resolved,,,https://themanner.com/,(929) 526-3330,press@soho.themanner.com,False,False,active,False,['NON'],,,,NON
retail-leads-182,The Maze,"43 W 24th St, New York, NY 10010",New York,US,NY,Alcohol-free members club,40.7433762,-73.9912946,internal: Retail_Wholesale Leads - Retail.csv,2026-09-16T23:27:22.585481+00:00,resolved,,,https://www.themazenyc.com/contact-us/,,membership@localhost.com,False,False,active,True,['Retail Prospects'],,,,Retail Prospects
retail-leads-183,THE OMA,"2754 Frederick Douglass Blvd, New York, NY 10039",New York,US,NY,Cafe,40.8236773,-73.9411778,internal: Retail_Wholesale Leads - Retail.csv,2026-09-16T23:27:22.585481+00:00,resolved,,,https://www.theomashop.com/,(646) 360-4918,shop@theomahome.com,False,False,active,False,['NON'],,,,NON
retail-leads-184,The Spaniard,"190 W 4th St, New York, NY 10014",New York,US,NY,Bar,40.7327579,-74.0021665,internal: Retail_Wholesale Leads - Retail.csv,2026-09-16T23:27:22.585481+00:00,resolved,,,https://www.thespaniardnyc.com/info/,(212) 918-1986,events@thespaniardnyc.com,False,False,active,True,['Retail Prospects'],,,,Retail Prospects
retail-leads-185,TIME AGAIN,"105 Canal St, New York, NY 10002",New York,US,NY,Bar,40.7156747,-73.9940649,internal: Retail_Wholesale Leads - Retail.csv,2026-09-16T23:27:22.585481+00:00,resolved,,https://www.instagram.com/timeagainbar/?hl=en,,,timeagainbar@gmail.com,False,False,active,True,['Retail Prospects'],,,,Retail Prospects
retail-leads-186,TONCHIN,"13 W 36th St., New York, NY 10018",New York,US,NY,Japanese Restaurant,40.7503151,-73.9844819,internal: Retail_Wholesale Leads - Retail.csv,2026-09-16T23:27:22.585481+00:00,resolved,,,www.tonchinus.com,(646) 692-9912,info@foodexny.com,False,False,active,False,['Unified Ferments'],,,,Unified Ferments
retail-leads-187,Verlaine,"110 Rivington St, New York, NY 10002",New York,US,NY,Cocktail bar,40.7200952,-73.9877754,internal: Retail_Wholesale Leads - Retail.csv,2026-09-16T23:27:22.585481+00:00,resolved,,,www.verlainenyc.com,(212) 614-2494,verlaineevents@gmail.com,False,False,active,True,['Retail Prospects'],Max is cousins with the owner Gary,,,Retail Prospects
retail-leads-188,Wild Sorrel Cookbooks,"332 E 13th Street, New York, NY 10003",New York,US,NY,Cookbook shop,40.731239,-73.9846745,internal: Retail_Wholesale Leads - Retail.csv,2026-09-16T23:27:22.585481+00:00,resolved,https://wildsorrelcookbooks.com/contact,,https://wildsorrelcookbooks.com/artisans,,,False,False,active,True,['Retail Prospects'],,,,Retail Prospects
retail-leads-189,WILDAIR,"142 Orchard St, New York, NY 10002",New York,US,NY,New American,40.7200045,-73.9891428,internal: Retail_Wholesale Leads - Retail.csv,2026-09-16T23:27:22.585481+00:00,resolved,,,wildair.nyc,(646) 964-5624,info@wildair.nyc,False,False,active,False,['Unified Ferments'],,,,Unified Ferments
retail-leads-190,Zabar's,"2245 Broadway, New York, NY 10024",New York,US,NY,Specialty grocery,40.7849024,-73.9796668,internal: Retail_Wholesale Leads - Retail.csv,2026-09-16T23:27:22.585481+00:00,resolved,,,zabars.com,(212) 787-2000,info@zabars.com,False,False,active,False,['Savoure'],,,,Savoure
retail-leads-191,Enjoy Ceremony,"806 Baldwin Ave, Norfolk VA",Norfolk,US,VA,Non alc bottle shop & bar,36.867523,-76.298598,internal: Retail_Wholesale Leads - Retail.csv,2026-09-16T23:27:22.585481+00:00,resolved,,@enjoyceremony,,,,False,False,active,True,['Retail Prospects'],,,,Retail Prospects
retail-leads-192,LITTLE FLOWER,"25-35 36th Ave, Astoria, NY 11106",Queens,US,NY,Coffe Shop,40.757001,-73.93093,internal: Retail_Wholesale Leads - Retail.csv,2026-09-16T23:27:22.585481+00:00,resolved,,https://www.instagram.com/littleflowercafe/,,,,False,False,active,False,['Unified Ferments'],very cool social media prescence,,,Unified Ferments
retail-leads-193,LAKE SIDE EMOTIONS,"113 Main St, Stony Brook, NY 11790",Stony Brook,US,NY,Liquor Store,40.9173162,-73.146753,internal: Retail_Wholesale Leads - Retail.csv,2026-09-16T23:27:22.585481+00:00,resolved,,,https://lakesideemotions.com/,(631) 675-2750,info@lakesideemotions.com,False,False,active,False,['NON'],,,,NON
retail-leads-194,Anto,,,US,,,,,internal: Retail_Wholesale Leads - Retail.csv,2026-09-16T23:27:22.585481+00:00,no_address,,,,,,False,True,active,False,['Unified Ferments'],,,,Unified Ferments
retail-leads-195,Asphalt Green,,,US,,Sports facility,,,internal: Retail_Wholesale Leads - Retail.csv,2026-09-16T23:27:22.585481+00:00,no_address,,,,,,False,True,active,True,['Retail Prospects'],,,,Retail Prospects
retail-leads-196,Bolero,,,US,,,,,internal: Retail_Wholesale Leads - Retail.csv,2026-09-16T23:27:22.585481+00:00,no_address,,,,,,False,True,active,False,['Unified Ferments'],,,,Unified Ferments
retail-leads-197,Brooklyn Bouldering Project,,,US,,Climbing gym,,,internal: Retail_Wholesale Leads - Retail.csv,2026-09-16T23:27:22.585481+00:00,no_address,,https://www.instagram.com/brooklynboulderingproject/,,,,False,True,active,True,['Retail Prospects'],,,,Retail Prospects
retail-leads-198,Canyon Grocer,,,US,,Small Grocer,,,internal: Retail_Wholesale Leads - Retail.csv,2026-09-16T23:27:22.585481+00:00,no_address,,,,,kurt@kurt@whey.com,False,True,active,True,['Retail Prospects'],Owner: Kurt,,,Retail Prospects
retail-leads-199,Lofty Pigeon Books,,,US,,Book store,,,internal: Retail_Wholesale Leads - Retail.csv,2026-09-16T23:27:22.585481+00:00,no_address,,https://www.instagram.com/loftypigeonbooks/,,,,False,True,active,True,['Retail Prospects'],,,,Retail Prospects
retail-leads-200,Mena,,,US,,,,,internal: Retail_Wholesale Leads - Retail.csv,2026-09-16T23:27:22.585481+00:00,no_address,,,,,,False,True,active,False,['Unified Ferments'],,,,Unified Ferments
retail-leads-201,No More Cafe,,,US,,N/a bar,,,internal: Retail_Wholesale Leads - Retail.csv,2026-09-16T23:27:22.585481+00:00,no_address,,,,,,False,True,active,True,['Retail Prospects'],,,,Retail Prospects
retail-leads-202,Village Grocery & Refillery,,,US,,,,,internal: Retail_Wholesale Leads - Retail.csv,2026-09-16T23:27:22.585481+00:00,no_address,,,,,,False,True,active,False,['Savoure'],,,,Savoure
retail-leads-203,White Tiger,,,US,,,,,internal: Retail_Wholesale Leads - Retail.csv,2026-09-16T23:27:22.585481+00:00,no_address,,,,,,False,True,active,False,['Unified Ferments'],,,,Unified Ferments
retail-leads-204,White Tiger Tavern,,,US,,,,,internal: Retail_Wholesale Leads - Retail.csv,2026-09-16T23:27:22.585481+00:00,no_address,,,,,,False,True,active,False,['Unified Ferments'],,,,Unified Ferments
retail-leads-205,Winona’S,,,US,,,,,internal: Retail_Wholesale Leads - Retail.csv,2026-09-16T23:27:22.585481+00:00,no_address,,,,,,False,True,active,False,['Unified Ferments'],,,,Unified Ferments
retail-leads-206,& Sons Buttery,"447 Rogers Ave, Brooklyn, NY 11225",Brooklyn,US,NY,Buttery,40.6616196,-73.9533528,internal: Retail_Wholesale Leads - Retail.csv,2026-09-16T23:27:22.585481+00:00,resolved,,,,(347) 789-3422,,False,False,closed,False,['Savoure'],,,,Savoure
retail-leads-207,BAR MERIDIAN,"406 Prospect Place, Brooklyn, NY, 11238",Brooklyn,US,NY,,40.6762855,-73.9630852,internal: Retail_Wholesale Leads - Retail.csv,2026-09-16T23:27:22.585481+00:00,resolved,,,,,,True,False,closed,False,['Unified Ferments'],,,,Unified Ferments
retail-leads-208,BLANCA,"261 Moore Street, Brooklyn, NY, 11206",Brooklyn,US,NY,,40.7050062,-73.9335894,internal: Retail_Wholesale Leads - Retail.csv,2026-09-16T23:27:22.585481+00:00,resolved,,,,,,True,False,closed,False,['Unified Ferments'],,,,Unified Ferments
retail-leads-209,DAUGHTER,"Daughter, 1090, Saint Johns Place, Eastern Parkway, Brooklyn, Kings County, New York, 11213, United States",Brooklyn,US,NY,,40.671056,-73.9424343,internal: Retail_Wholesale Leads - Retail.csv,2026-09-16T23:27:22.585481+00:00,resolved,,,,,,False,False,closed,False,['Unified Ferments'],,,,Unified Ferments
retail-leads-210,Foragers Market,"56 Adams St, Brooklyn, NY 11201",Brooklyn,US,NY,Market,40.7025926,-73.9887274,internal: Retail_Wholesale Leads - Retail.csv,2026-09-16T23:27:22.585481+00:00,resolved,,,,(718) 801-8400,,False,False,closed,False,['Savoure'],,,,Savoure
retail-leads-211,FORT DEFIANCE,"354 Van Brunt Street, Brooklyn, NY, 11231",Brooklyn,US,NY,,40.6778808,-74.0125594,internal: Retail_Wholesale Leads - Retail.csv,2026-09-16T23:27:22.585481+00:00,resolved,,,,,,True,False,closed,False,['Unified Ferments'],,,,Unified Ferments
retail-leads-212,FULGURANCES LAUNDROMAT,"132 Franklin Street, Brooklyn, NY, 11222",Brooklyn,US,NY,,40.7294287,-73.9573184,internal: Retail_Wholesale Leads - Retail.csv,2026-09-16T23:27:22.585481+00:00,resolved,,,,,,True,False,closed,False,['Unified Ferments'],,,,Unified Ferments
retail-leads-213,ILIS,"148 Green Street, New York, New York 11222",Brooklyn,US,NY,Restaurant,40.7334619,-73.9555835,internal: Retail_Wholesale Leads - Retail.csv,2026-09-16T23:27:22.585481+00:00,resolved,,,,,,False,False,closed,False,"['NON', 'Unified Ferments']",,,,NON
retail-leads-213,ILIS,"148 Green Street, New York, New York 11222",Brooklyn,US,NY,Restaurant,40.7334619,-73.9555835,internal: Retail_Wholesale Leads - Retail.csv,2026-09-16T23:27:22.585481+00:00,resolved,,,,,,False,False,closed,False,"['NON', 'Unified Ferments']",,,,Unified Ferments
retail-leads-214,ODDLY ENOUGH,"397 Tompkins Ave, Brooklyn, NY 11216, USA",Brooklyn,US,NY,,40.68312,-73.94204,internal: Retail_Wholesale Leads - Retail.csv,2026-09-16T23:27:22.585481+00:00,resolved,,,,,,True,False,closed,False,['Unified Ferments'],,,,Unified Ferments
retail-leads-215,R&D Foods,"602 Vanderbilt Ave, Brooklyn, NY 11238",Brooklyn,US,NY,Specialty foods,40.6783689,-73.9688782,internal: Retail_Wholesale Leads - Retail.csv,2026-09-16T23:27:22.585481+00:00,resolved,,,,,,False,True,closed,False,['Savoure'],,,,Savoure
retail-leads-216,PATISSERIE CHANSON,"155 West 70th Street, New York, New York 10023",New York,US,NY,Bakery,40.777141,-73.9815944,internal: Retail_Wholesale Leads - Retail.csv,2026-09-16T23:27:22.585481+00:00,resolved,,,,,,False,False,closed,False,['NON'],,,,NON
retail-leads-217,PEOPLE'S WINE,"115 Delancey Street, Manhattan, NY, 10002",New York,US,NY,,40.7179878,-73.9882622,internal: Retail_Wholesale Leads - Retail.csv,2026-09-16T23:27:22.585481+00:00,resolved,,,,,,True,False,closed,False,['Unified Ferments'],,,,Unified Ferments
