competitor,source_id,name,address,suburb,region,venue_type,latitude,longitude,website,source_url,scraped_at,phone,email
Villbrygg,,Vinmonopolet - Sandnessjøen,"Amfi Skansen, Torolv Kveldulvsons gate 24-26, 8800 Sandnessjøen, Norway",Alstahaug,Norway,Shops,,,https://vinmonopolet.no,https://villbrygg.com/en/shops,2026-08-31T20:58:04.254973+00:00,,
Villbrygg,,Vinmonopolet - Alta,"Markedsgata 21, 9510 Alta, Norway",Alta,Norway,Shops,69.966172,23.272631,https://vinmonopolet.no,https://villbrygg.com/en/shops,2026-08-31T20:58:04.254973+00:00,,
Villbrygg,,Vinmonopolet - Knarvik,"Kvernhusmyrane 7, 5914 Isdalstø, Norway",Alver,Norway,Shops,60.5470381,5.2862215,https://vinmonopolet.no,https://villbrygg.com/en/shops,2026-08-31T20:58:04.254973+00:00,,
Villbrygg,,Vinmonopolet - Radøy,"Radøyvegen 1680, 5936 Manger, Norway",Alver,Norway,Shops,60.6408414,5.0419648,https://vinmonopolet.no,https://villbrygg.com/en/shops,2026-08-31T20:58:04.254973+00:00,,
Villbrygg,,Vinmonopolet - Arendal,"Vesterveien 4, 4836 Arendal, Norway",Arendal,Norway,Shops,58.459492,8.763462,https://vinmonopolet.no,https://villbrygg.com/en/shops,2026-08-31T20:58:04.254973+00:00,,
Villbrygg,,Vinmonopolet - Nesbru,"Holmensenteret, Vogellund 6, 1394 Nesbru, Norway",Asker,Norway,Restaurants & bars,59.8543757,10.4883029,https://vinmonopolet.no,https://villbrygg.com/en/shops,2026-08-31T20:58:04.254973+00:00,,
Villbrygg,,Bergsmyrene Gård ved Severin Romer Iversen,"Bergsmyrene 2, 3483 Asker, Norway",Asker,Norway,Shops,59.550264,10.4556335,https://www.1881.no/gartnerier-og-planteskoler/gartnerier-og-planteskoler-akershus/gartnerier-og-planteskoler-kana/severin-romer-iversen_107196582S0/,https://villbrygg.com/en/shops,2026-08-31T20:58:04.254973+00:00,,
Villbrygg,,Vinmonopolet - Asker,"Knud Askers vei 26, 1383 Asker, Norway",Asker,Norway,Shops,59.8366821,10.4341973,https://vinmonopolet.no,https://villbrygg.com/en/shops,2026-08-31T20:58:04.254973+00:00,,
Villbrygg,,Vinmonopolet - Slemmestad,"Kirkealleen 1, 3470 Slemmestad, Norway",Asker,Norway,Shops,59.778253,10.485878,https://vinmonopolet.no,https://villbrygg.com/en/shops,2026-08-31T20:58:04.254973+00:00,,
Villbrygg,,Vinmonopolet - Sætre,"Fransåsveien 2, 3475 Sætre, Norway",Asker,Norway,Shops,59.6815425,10.5258623,https://vinmonopolet.no,https://villbrygg.com/en/shops,2026-08-31T20:58:04.254973+00:00,,
Villbrygg,,Vinmonopolet - Tofte,"Østre Strandvei 12, 3482 Tofte, Norway",Asker,Norway,Shops,59.5417381,10.5587894,https://vinmonopolet.no,https://villbrygg.com/en/shops,2026-08-31T20:58:04.254973+00:00,,
Villbrygg,,Vinmonopolet - Askvoll,"Kystgården, 6980 Askvoll, Norway",Askvoll,Norway,Shops,61.3473232,5.0638682,https://vinmonopolet.no,https://villbrygg.com/en/shops,2026-08-31T20:58:04.254973+00:00,,
Villbrygg,,Meny Kleppestø,"Gamle Kleppestøvegen 2, 5300 Kleppestø, Norway",Askøy,Norway,Shops,60.4101926,5.2271918,https://meny.no/finn-butikk/,https://villbrygg.com/en/shops,2026-08-31T20:58:04.254973+00:00,,
Villbrygg,,Vinmonopolet - Askøy,"Gamle Kleppestøvegen 2, 5300 Kleppestø, Norway",Askøy,Norway,Shops,60.4101926,5.2271918,https://vinmonopolet.no,https://villbrygg.com/en/shops,2026-08-31T20:58:04.254973+00:00,,
Villbrygg,,Vinmonopolet - Bjørkelangen,"Rådhusveien 5, 1940 Bjørkelangen, Norway",Aurskog-Høland,Norway,Shops,59.8831169,11.5670848,https://vinmonopolet.no,https://villbrygg.com/en/shops,2026-08-31T20:58:04.254973+00:00,,
Villbrygg,,Vinmonopolet - Averøy,"Averøyveien 24, 6530 Averøy, Norway",Averøy,Norway,Shops,63.05212,7.631708,https://vinmonopolet.no,https://villbrygg.com/en/shops,2026-08-31T20:58:04.254973+00:00,,
Villbrygg,,Vinmonopolet - Storsteinnes,"Rådhusgata 9, 9050 Storsteinnes, Norway",Balsfjord,Norway,Shops,69.2397072,19.227036,https://vinmonopolet.no,https://villbrygg.com/en/shops,2026-08-31T20:58:04.254973+00:00,,
Villbrygg,,Meny Brotorvet,"Gangveien 10, 3960 Stathelle, Norway",Bamble,Norway,Shops,59.045822,9.69087,https://meny.no/finn-butikk/,https://villbrygg.com/en/shops,2026-08-31T20:58:04.254973+00:00,,
Villbrygg,,Vinmonopolet - Stathelle,"Gangveien 10, 3960 Stathelle, Norway",Bamble,Norway,Shops,59.045822,9.69087,https://vinmonopolet.no,https://villbrygg.com/en/shops,2026-08-31T20:58:04.254973+00:00,,
Villbrygg,,Vinmonopolet - Setermoen,"Gammelveien 8, 9360 Bardu, Norway",Bardu,Norway,Shops,68.861501,18.344982,https://vinmonopolet.no,https://villbrygg.com/en/shops,2026-08-31T20:58:04.254973+00:00,,
Villbrygg,,Grand Hotel Terminus,"Zander Kaaes gate 6, 5015 Bergen, Norway",Bergen,Norway,Hotel,60.390604,5.334131,http://www.grandterminus.no/,https://villbrygg.com/en/shops,2026-08-31T20:58:04.254973+00:00,,
Villbrygg,,Allmuen,"Valkendorfsgaten 1B, 5012 Bergen, Norway",Bergen,Norway,Restaurants & bars,60.393234,5.323227,https://www.allmuenbistro.no/,https://villbrygg.com/en/shops,2026-08-31T20:58:04.254973+00:00,,
Villbrygg,,Apollon Platebar,"Nygårdsgaten 2A, 5015 Bergen, Norway",Bergen,Norway,Restaurants & bars,60.38963,5.323063,https://apollon.no/,https://villbrygg.com/en/shops,2026-08-31T20:58:04.254973+00:00,,
Villbrygg,,Banzha,"Neumanns gate 28, 5015 Bergen, Norway",Bergen,Norway,Restaurants & bars,60.3909684,5.3212675,https://www.banzha.no/,https://villbrygg.com/en/shops,2026-08-31T20:58:04.254973+00:00,,
Villbrygg,,Bergen Brunsj,"Kaigaten 16, 5016 Bergen, Norway",Bergen,Norway,Restaurants & bars,60.39094,5.330333,http://bergenbrunsj.no/,https://villbrygg.com/en/shops,2026-08-31T20:58:04.254973+00:00,,
Villbrygg,,Colonialen Fetevare,"Strandgaten 18, 5013 Bergen, Norway",Bergen,Norway,Restaurants & bars,60.3943858,5.321353,https://colonialen.no/fetevaren,https://villbrygg.com/en/shops,2026-08-31T20:58:04.254973+00:00,,
Villbrygg,,Colonialen Kranen,"Solheimsgaten 9B, 5058 Bergen, Norway",Bergen,Norway,Restaurants & bars,60.378181,5.333731,https://www.colonialen.no/kranen,https://villbrygg.com/en/shops,2026-08-31T20:58:04.254973+00:00,,
Villbrygg,,Colonialen Litteraturhuset,"Østre Skostredet 5-7, 5017 Bergen, Norway",Bergen,Norway,Restaurants & bars,60.393552,5.328585,https://www.colonialen.no/litteraturhuset,https://villbrygg.com/en/shops,2026-08-31T20:58:04.254973+00:00,,
Villbrygg,,Dr Wiesener,"Nye Sandviksveien 17A, 5003 Bergen, Norway",Bergen,Norway,Restaurants & bars,60.4004728,5.3230462,http://www.drwiesener.no/,https://villbrygg.com/en/shops,2026-08-31T20:58:04.254973+00:00,,
Villbrygg,,Hoggorm,"Nygårdsgaten 29, 5015 Bergen, Norway",Bergen,Norway,Restaurants & bars,60.3879845,5.3277795,http://hoggormpizza.no/,https://villbrygg.com/en/shops,2026-08-31T20:58:04.254973+00:00,,
Villbrygg,,Landmark,"Rasmus Meyers allé 5, 5015 Bergen, Norway",Bergen,Norway,Restaurants & bars,60.389757,5.326543,http://www.kunsthall.no/,https://villbrygg.com/en/shops,2026-08-31T20:58:04.254973+00:00,,
Villbrygg,,Lille Tempo,"Vinjes gate 5, 5007 Bergen, Norway",Bergen,Norway,Restaurants & bars,60.388533,5.317172,https://restaurantguru.com/Lille-Tempo-Bergen,https://villbrygg.com/en/shops,2026-08-31T20:58:04.254973+00:00,,
Villbrygg,,Lysverket,"Rasmus Meyers allé 9, 5015 Bergen, Norway",Bergen,Norway,Restaurants & bars,60.3892925,5.3289395,https://www.lysverket.no/,https://villbrygg.com/en/shops,2026-08-31T20:58:04.254973+00:00,,
Villbrygg,,Møllendal Fetevare,"Møllendalsveien 68D, 5009 Bergen, Norway",Bergen,Norway,Restaurants & bars,60.380448,5.352505,http://www.mollendalfetevare.no/,https://villbrygg.com/en/shops,2026-08-31T20:58:04.254973+00:00,,
Villbrygg,,Restaurant Aster,"Damsgårdsveien 55, 5058 Bergen, Norway",Bergen,Norway,Restaurants & bars,60.379558,5.325446,https://restaurantaster.no/,https://villbrygg.com/en/shops,2026-08-31T20:58:04.254973+00:00,,
Villbrygg,,Tempo Tempo,"Domkirkegaten 6A, 5017 Bergen, Norway",Bergen,Norway,Restaurants & bars,60.393606,5.3292328,https://www.facebook.com/p/TempoTempo-100063545651944/,https://villbrygg.com/en/shops,2026-08-31T20:58:04.254973+00:00,,
Villbrygg,,USF Verftet,"Georgernes Verft 12, 5011 Bergen, Norway",Bergen,Norway,Restaurants & bars,60.395581,5.308993,https://usf.no/,https://villbrygg.com/en/shops,2026-08-31T20:58:04.254973+00:00,,
Villbrygg,,Gulating Bergen Vestkanten,"Loddefjordveien 2, 5171 Bergen, Norway",Bergen,Norway,Shops,60.3632202,5.2336282,https://www.gulating.net/bergenvestkanten/,https://villbrygg.com/en/shops,2026-08-31T20:58:04.254973+00:00,,
Villbrygg,,Lerøy Mat,"Torgalmeningen 8, 5014 Bergen, Norway",Bergen,Norway,Shops,60.392922,5.324643,http://leroymat.no/,https://villbrygg.com/en/shops,2026-08-31T20:58:04.254973+00:00,,
Villbrygg,,Meny Bergen Storsenter,"Strømgaten 8, 5015 Bergen, Norway",Bergen,Norway,Shops,60.3892373,5.3318145,https://meny.no/finn-butikk/,https://villbrygg.com/en/shops,2026-08-31T20:58:04.254973+00:00,,
Villbrygg,,Meny Dolviken,"Dolvikvegen 36, 5252 Søreidgrend, Norway",Bergen,Norway,Shops,60.3086664,5.2714586,https://meny.no/finn-butikk/,https://villbrygg.com/en/shops,2026-08-31T20:58:04.254973+00:00,,
Villbrygg,,Meny Fantoft,"Fantoftvegen 14 p, 5072 Bergen, Norway",Bergen,Norway,Shops,60.346404,5.352217,https://meny.no/finn-butikk/,https://villbrygg.com/en/shops,2026-08-31T20:58:04.254973+00:00,,
Villbrygg,,Meny Gullgruven,"Liamyrane 1, 5132 Nyborg, Norway",Bergen,Norway,Shops,60.4726145,5.3329025,https://meny.no/finn-butikk/,https://villbrygg.com/en/shops,2026-08-31T20:58:04.254973+00:00,,
Villbrygg,,Meny Lagunen,"Laguneveien 1, 5239 Rådal, Norway",Bergen,Norway,Shops,60.2968652,5.3311546,https://meny.no/finn-butikk/,https://villbrygg.com/en/shops,2026-08-31T20:58:04.254973+00:00,,
Villbrygg,,Meny Midtun,"Sandbrekkevn. 96, 5225 Nesttun, Norway",Bergen,Norway,Shops,60.325694,5.367592,https://meny.no/finn-butikk/,https://villbrygg.com/en/shops,2026-08-31T20:58:04.254973+00:00,,
Villbrygg,,Meny Oasen Bergen,"Folke Bernadottesvei 50, 5147 Fyllingsdalen, Norway",Bergen,Norway,Shops,60.3496021,5.290163,https://meny.no/finn-butikk/,https://villbrygg.com/en/shops,2026-08-31T20:58:04.254973+00:00,,
Villbrygg,,Meny Sletten,"Vilhelm Bjerknes vei 4, 5081 Bergen, Norway",Bergen,Norway,Shops,60.356605,5.35907,https://meny.no/finn-butikk/,https://villbrygg.com/en/shops,2026-08-31T20:58:04.254973+00:00,,
Villbrygg,,Meny Støletorget,"Stølegaten 15, 5003 Bergen, Norway",Bergen,Norway,Shops,60.3998557,5.3256229,https://meny.no/finn-butikk/,https://villbrygg.com/en/shops,2026-08-31T20:58:04.254973+00:00,,
Villbrygg,,Meny Åsane Storsenter,"Åsane Senter 21, 5116 Ulset, Norway",Bergen,Norway,Shops,60.4653225,5.3220751,https://meny.no/finn-butikk/,https://villbrygg.com/en/shops,2026-08-31T20:58:04.254973+00:00,,
Villbrygg,,Reindyrka,"Strandgaten 21, 5013 Bergen",Bergen,Norway,Shops,60.3947348,5.3212777,https://www.reindyrka.no/,https://villbrygg.com/en/shops,2026-08-31T20:58:04.254973+00:00,,
Villbrygg,,Vinmonopolet - Bergen Storsenter,"Strømgaten 8, 5015 Bergen, Norway",Bergen,Norway,Shops,60.3892373,5.3318145,https://vinmonopolet.no,https://villbrygg.com/en/shops,2026-08-31T20:58:04.254973+00:00,,
Villbrygg,,Vinmonopolet - Fyllingsdalen,"Folke Bernadottes vei 52, 5147 Fyllingsdalen, Norway",Bergen,Norway,Shops,60.348956,5.291796,https://vinmonopolet.no,https://villbrygg.com/en/shops,2026-08-31T20:58:04.254973+00:00,,
Villbrygg,,Vinmonopolet - Indre Arna,"Ådnavegen 63, 5260 Indre Arna, Norway",Bergen,Norway,Shops,60.4213172,5.4650246,https://vinmonopolet.no,https://villbrygg.com/en/shops,2026-08-31T20:58:04.254973+00:00,,
Villbrygg,,Vinmonopolet - Lagunen,"Laguneveien 1, 5239 Rådal, Norway",Bergen,Norway,Shops,60.2968652,5.3311546,https://vinmonopolet.no,https://villbrygg.com/en/shops,2026-08-31T20:58:04.254973+00:00,,
Villbrygg,,Vinmonopolet - Laksevåg,"Kringsjåveien 83-89, 5163 Bergen, Norway",Bergen,Norway,Shops,60.389335,5.286455,https://vinmonopolet.no,https://villbrygg.com/en/shops,2026-08-31T20:58:04.254973+00:00,,
Villbrygg,,Vinmonopolet - Nesttun,"Østre Nesttunvegen 16, 5221 Nesttun, Norway",Bergen,Norway,Shops,60.3174634,5.3542289,https://vinmonopolet.no,https://villbrygg.com/en/shops,2026-08-31T20:58:04.254973+00:00,,
Villbrygg,,Vinmonopolet - Sletten Senter,"Vilhelm Bjerknes' vei 4, 5081 Bergen, Norway",Bergen,Norway,Shops,60.356605,5.35907,https://vinmonopolet.no,https://villbrygg.com/en/shops,2026-08-31T20:58:04.254973+00:00,,
Villbrygg,,Vinmonopolet - Valkendorfsgaten,"Valkendorfsgaten 6, 5012 Bergen, Norway",Bergen,Norway,Shops,60.3938429,5.3208704,https://vinmonopolet.no,https://villbrygg.com/en/shops,2026-08-31T20:58:04.254973+00:00,,
Villbrygg,,Vinmonopolet - Vestkanten,"Loddefjordveien 2, 5171 Loddefjord, Norway",Bergen,Norway,Shops,60.3632202,5.2336282,https://vinmonopolet.no,https://villbrygg.com/en/shops,2026-08-31T20:58:04.254973+00:00,,
Villbrygg,,Vinmonopolet - Åsane Horisont,"Myrdalsvegen 2, 5130 Nyborg, Norway",Bergen,Norway,Shops,60.4704078,5.3231595,https://vinmonopolet.no,https://villbrygg.com/en/shops,2026-08-31T20:58:04.254973+00:00,,
Villbrygg,,Vinmonopolet - Os,"Hamnevegen 48, 5200 Os, Norway",Bjørnafjorden,Norway,Shops,60.183747,5.4723781,https://vinmonopolet.no,https://villbrygg.com/en/shops,2026-08-31T20:58:04.254973+00:00,,
Villbrygg,,Egna,"Verkstedveien 1, 8008 Bodø, Norway",Bodø,Norway,Shops,67.2788956,14.418188,https://www.egna.no/,https://villbrygg.com/en/shops,2026-08-31T20:58:04.254973+00:00,,
Villbrygg,,Vinmonopolet - Bodø City Nord,"Stormyrveien 20, 8008 Bodø, Norway",Bodø,Norway,Shops,67.2776496,14.422654,https://vinmonopolet.no,https://villbrygg.com/en/shops,2026-08-31T20:58:04.254973+00:00,,
Villbrygg,,Vinmonopolet - Bodø Hunstad,"Hunstadsentret 9, 8022 Bodø, Norway",Bodø,Norway,Shops,67.2814168,14.539776,https://vinmonopolet.no,https://villbrygg.com/en/shops,2026-08-31T20:58:04.254973+00:00,,
Villbrygg,,Vinmonopolet - Brønnøysund,"Havnesenteret, Storgata 58, 8900 Brønnøysund, Norway",Brønnøy,Norway,Shops,65.4730675,12.2086871,https://vinmonopolet.no,https://villbrygg.com/en/shops,2026-08-31T20:58:04.254973+00:00,,
Villbrygg,,Vinmonopolet - Hovden,"Otravegen 11, 4755 Hovden I Setesdal, Norway",Bykle,Norway,Shops,59.5598365,7.3554524,https://vinmonopolet.no,https://villbrygg.com/en/shops,2026-08-31T20:58:04.254973+00:00,,
Villbrygg,,Strand Restaurant,"Strandalleen 48, 1368 Stabekk, Norway",Bærum,Norway,Restaurants & bars,59.8997377,10.5950763,https://www.strandrestaurant.no/,https://villbrygg.com/en/shops,2026-08-31T20:58:04.254973+00:00,,
Villbrygg,,Meny Bekkestua,"Gamle Ringeriksvei 34, 1357 Bekkestua, Norway",Bærum,Norway,Shops,59.916367,10.588047,https://meny.no/finn-butikk/,https://villbrygg.com/en/shops,2026-08-31T20:58:04.254973+00:00,,
Villbrygg,,Meny Bærums Verk,"Vertshusveien 2, 1353 Bærums Verk, Norway",Bærum,Norway,Shops,59.941066,10.50153,https://meny.no/finn-butikk/,https://villbrygg.com/en/shops,2026-08-31T20:58:04.254973+00:00,,
Villbrygg,,Meny Fornebu,"Snarøyveien 55-57, 1364 Fornebu, Norway",Bærum,Norway,Shops,59.8935166,10.6207603,https://meny.no/finn-butikk/,https://villbrygg.com/en/shops,2026-08-31T20:58:04.254973+00:00,,
Villbrygg,,Meny Høvik,"O. H. Bangsvei 5, 1363 Høvik, Norway",Bærum,Norway,Shops,59.899754,10.5813894,https://meny.no/finn-butikk/,https://villbrygg.com/en/shops,2026-08-31T20:58:04.254973+00:00,,
Villbrygg,,Meny Kolsås,"Rødskiferveien 1, 1352 Kolsås, Norway",Bærum,Norway,Shops,59.916733,10.500526,https://meny.no/finn-butikk/,https://villbrygg.com/en/shops,2026-08-31T20:58:04.254973+00:00,,
Villbrygg,,Meny Sandvika Storsenter,"Brodtkorbsgate 7, 1338 Sandvika, Norway",Bærum,Norway,Shops,59.890583,10.519496,https://meny.no/finn-butikk/,https://villbrygg.com/en/shops,2026-08-31T20:58:04.254973+00:00,,
Villbrygg,,Vinmonopolet - Bekkestua,"Gamle Ringeriksvei 33a, 1357 Bekkestua, Norway",Bærum,Norway,Shops,59.916512,10.588884,https://vinmonopolet.no,https://villbrygg.com/en/shops,2026-08-31T20:58:04.254973+00:00,,
Villbrygg,,Vinmonopolet - Bærum Fornebu,"Snarøyveien 55, 1364 Fornebu, Norway",Bærum,Norway,Shops,59.8935166,10.6207603,https://vinmonopolet.no,https://villbrygg.com/en/shops,2026-08-31T20:58:04.254973+00:00,,
Villbrygg,,Vinmonopolet - Bærum Østerås,"Otto Ruges vei 80, 1361 Østerås, Norway",Bærum,Norway,Shops,59.94373,10.60709,https://vinmonopolet.no,https://villbrygg.com/en/shops,2026-08-31T20:58:04.254973+00:00,,
Villbrygg,,Vinmonopolet - Bærums Verk,"Vertshusveien 2, 1353 Bærums Verk, Norway",Bærum,Norway,Shops,59.941066,10.50153,https://vinmonopolet.no,https://villbrygg.com/en/shops,2026-08-31T20:58:04.254973+00:00,,
Villbrygg,,Vinmonopolet - Kolsås,"Rødskiferveien 1, 1352 Kolsås, Norway",Bærum,Norway,Shops,59.916733,10.500526,https://vinmonopolet.no,https://villbrygg.com/en/shops,2026-08-31T20:58:04.254973+00:00,,
Villbrygg,,Vinmonopolet - Sandvika,"Leif Tronstads plass 2, 1337 Sandvika, Norway",Bærum,Norway,Shops,59.8931843,10.5234983,https://vinmonopolet.no,https://villbrygg.com/en/shops,2026-08-31T20:58:04.254973+00:00,,
Villbrygg,,Vinmonopolet - Bø I Vesterålen,"Vinjegården Kjøpesenter, Bøveien 508, 8470 Bø I Vesterålen, Norway",Bø,Norway,Shops,68.6207857,14.4457276,https://vinmonopolet.no,https://villbrygg.com/en/shops,2026-08-31T20:58:04.254973+00:00,,
Villbrygg,,Vinmonopolet - Bømlo,"Stavlandsvegen 5, 5430 Svortland, Norway",Bømlo,Norway,Shops,59.7928277,5.1720562,https://vinmonopolet.no,https://villbrygg.com/en/shops,2026-08-31T20:58:04.254973+00:00,,
Villbrygg,,Vinmonopolet - Dombås,"Sentralplassen 5, 2660 Dombås, Norway",Dovre,Norway,Shops,62.0734762,9.1263211,https://vinmonopolet.no,https://villbrygg.com/en/shops,2026-08-31T20:58:04.254973+00:00,,
Villbrygg,,Meny Konnerud,"Pettersvolden 3, 3032 Drammen, Norway",Drammen,Norway,Shops,59.717538,10.1496224,https://meny.no/finn-butikk/,https://villbrygg.com/en/shops,2026-08-31T20:58:04.254973+00:00,,
Villbrygg,,Vinmonopolet - Bragernes,"Rådhusgata 2, 3016 Drammen, Norway",Drammen,Norway,Shops,59.745804,10.202356,https://vinmonopolet.no,https://villbrygg.com/en/shops,2026-08-31T20:58:04.254973+00:00,,
Villbrygg,,Vinmonopolet - Drammen Cc,"Tomtegata 36, 3012 Drammen, Norway",Drammen,Norway,Shops,59.741233,10.222777,https://vinmonopolet.no,https://villbrygg.com/en/shops,2026-08-31T20:58:04.254973+00:00,,
Villbrygg,,Vinmonopolet - Drammen Strømsø,"Torgeir Vraas Plass 6, 3044 Drammen, Norway",Drammen,Norway,Shops,59.739112,10.200515,https://vinmonopolet.no,https://villbrygg.com/en/shops,2026-08-31T20:58:04.254973+00:00,,
Villbrygg,,Vinmonopolet - Krokstadelva,"Sandsgata 20, 3055 Krokstadelva, Norway",Drammen,Norway,Shops,59.7561452,9.9991589,https://vinmonopolet.no,https://villbrygg.com/en/shops,2026-08-31T20:58:04.254973+00:00,,
Villbrygg,,Vinmonopolet - Svelvik,"Storgaten 35, 3060 Svelvik, Norway",Drammen,Norway,Shops,59.6176063,10.4095138,https://vinmonopolet.no,https://villbrygg.com/en/shops,2026-08-31T20:58:04.254973+00:00,,
Villbrygg,,Vinmonopolet - Eidsvoll,"Rådhusgata 17, 2080 Sundet, Norway",Eidsvoll,Norway,Shops,60.329486,11.258922,https://vinmonopolet.no,https://villbrygg.com/en/shops,2026-08-31T20:58:04.254973+00:00,,
Villbrygg,,Vinmonopolet - Råholt,"Gladbakkvegen 1, 2070 Sagmoen, Norway",Eidsvoll,Norway,Shops,60.281003,11.173984,https://vinmonopolet.no,https://villbrygg.com/en/shops,2026-08-31T20:58:04.254973+00:00,,
Villbrygg,,Vinmonopolet - Egersund,"Nytorget 11, 4370 Egersund, Norway",Eigersund,Norway,Shops,58.4519963,6.0034529,https://vinmonopolet.no,https://villbrygg.com/en/shops,2026-08-31T20:58:04.254973+00:00,,
Villbrygg,,Vinmonopolet - Elverum,"Storgata 10, 2408 Elverum, Norway",Elverum,Norway,Shops,60.8831694,11.5615369,https://vinmonopolet.no,https://villbrygg.com/en/shops,2026-08-31T20:58:04.254973+00:00,,
Villbrygg,,Vinmonopolet - Etne,"E134 230, 5590 Etne, Norway",Etne,Norway,Shops,,,https://vinmonopolet.no,https://villbrygg.com/en/shops,2026-08-31T20:58:04.254973+00:00,,
Villbrygg,,Vinmonopolet - Evje,"Sentrumsbygget, Nils Heglands veg,, 4735 Evje, Norway",Evje Og Hornnes,Norway,Shops,58.5891832,7.8116575,https://vinmonopolet.no,https://villbrygg.com/en/shops,2026-08-31T20:58:04.254973+00:00,,
Villbrygg,,Vinmonopolet - Farsund,"Vestersiden 1, 4550 Farsund, Norway",Farsund,Norway,Shops,58.096605,6.805612,https://vinmonopolet.no,https://villbrygg.com/en/shops,2026-08-31T20:58:04.254973+00:00,,
Villbrygg,,Vinmonopolet - Fauske,"Amfi Fauske, Sjøgata 74, 8200 Fauske, Norway",Fauske,Norway,Shops,67.258579,15.395308,https://vinmonopolet.no,https://villbrygg.com/en/shops,2026-08-31T20:58:04.254973+00:00,,
Villbrygg,,Vinmonopolet - Flekkefjord,"Kirkegaten 14, 4400 Flekkefjord, Norway",Flekkefjord,Norway,Shops,58.2965231,6.6619037,https://vinmonopolet.no,https://villbrygg.com/en/shops,2026-08-31T20:58:04.254973+00:00,,
Villbrygg,,Hoi Polloi,"Nygårdsplassen 4, 1607 Fredrikstad, Norway",Fredrikstad,Norway,Restaurants & bars,59.212159,10.937614,https://hoipolloi.bar/,https://villbrygg.com/en/shops,2026-08-31T20:58:04.254973+00:00,,
Villbrygg,,Meny Wilbergjordet,"Wilbergjordet 10, 1605 Fredrikstad, Norway",Fredrikstad,Norway,Shops,59.224978,10.953908,https://meny.no/finn-butikk/,https://villbrygg.com/en/shops,2026-08-31T20:58:04.254973+00:00,,
Villbrygg,,Meny Ørebekk,"Storveien 3 B, 1624 Gressvik, Norway",Fredrikstad,Norway,Shops,59.2300795,10.9117811,https://meny.no/finn-butikk/,https://villbrygg.com/en/shops,2026-08-31T20:58:04.254973+00:00,,
Villbrygg,,Vinmonopolet - Fredrikstad,"Borgarveien 15, 1633 Gamle Fredrikstad, Norway",Fredrikstad,Norway,Shops,59.206404,10.971959,https://vinmonopolet.no,https://villbrygg.com/en/shops,2026-08-31T20:58:04.254973+00:00,,
Villbrygg,,Vinmonopolet - Gml Fredrikstad,"Borgarveien 15, 1633 Gamle Fredrikstad, Norway",Fredrikstad,Norway,Shops,59.206404,10.971959,https://vinmonopolet.no,https://villbrygg.com/en/shops,2026-08-31T20:58:04.254973+00:00,,
Villbrygg,,Meny Drøbak City,"Holterveien 3, 1448 Drøbak, Norway",Frogn,Norway,Shops,59.6727845,10.6585376,https://meny.no/finn-butikk/,https://villbrygg.com/en/shops,2026-08-31T20:58:04.254973+00:00,,
Villbrygg,,Vinmonopolet - Drøbak,"Wienerbrødskjæringa 3, 1440 Drøbak, Norway",Frogn,Norway,Shops,59.664191,10.629567,https://vinmonopolet.no,https://villbrygg.com/en/shops,2026-08-31T20:58:04.254973+00:00,,
Villbrygg,,Vinmonopolet - Froland,"Frolandssenteret 12, 4820 Froland, Norway",Froland,Norway,Shops,58.5083124,8.6294439,https://vinmonopolet.no,https://villbrygg.com/en/shops,2026-08-31T20:58:04.254973+00:00,,
Villbrygg,,Vinmonopolet - Frosta,"Frostasenteret, Alstadjordet, 7633 Frosta, Norway",Frosta,Norway,Shops,63.5883455,10.7403869,https://vinmonopolet.no,https://villbrygg.com/en/shops,2026-08-31T20:58:04.254973+00:00,,
Villbrygg,,Vinmonopolet - Frøya,"Sørveien 11, 7260 Sistranda, Norway",Frøya,Norway,Shops,63.7289121,8.8280437,https://vinmonopolet.no,https://villbrygg.com/en/shops,2026-08-31T20:58:04.254973+00:00,,
Villbrygg,,Tjøme Kolonial,"Vestveien 644, 3145 Tjøme, Norway",Færder,Norway,Shops,59.1146,10.388734,http://www.tjomekolonial.no/,https://villbrygg.com/en/shops,2026-08-31T20:58:04.254973+00:00,,
Villbrygg,,Vinmonopolet - Nøtterøy,"Ørsnesalleen 31, 3120 Nøtterøy, Norway",Færder,Norway,Shops,59.2525696,10.4184904,https://vinmonopolet.no,https://villbrygg.com/en/shops,2026-08-31T20:58:04.254973+00:00,,
Villbrygg,,Vinmonopolet - Tjøme,"Østveien 665, 3145 Tjøme, Norway",Færder,Norway,Shops,59.1159875,10.3933834,https://vinmonopolet.no,https://villbrygg.com/en/shops,2026-08-31T20:58:04.254973+00:00,,
Villbrygg,,Vinmonopolet - Gausdal,"Fargerivegen 5, 2651 Østre Gausdal, Norway",Gausdal,Norway,Shops,61.226372,10.2224782,https://vinmonopolet.no,https://villbrygg.com/en/shops,2026-08-31T20:58:04.254973+00:00,,
Villbrygg,,Vinmonopolet - Gjerdrum Torg,"Eivensstuen 2, 2022 Gjerdrum, Norway",Gjerdrum,Norway,Shops,60.070661,11.035834,https://vinmonopolet.no,https://villbrygg.com/en/shops,2026-08-31T20:58:04.254973+00:00,,
Villbrygg,,Vinmonopolet - Brokelandsheia,"Brokelandsheia 20, 4993 Sundebru, Norway",Gjerstad,Norway,Shops,58.8211167,9.0719161,https://vinmonopolet.no,https://villbrygg.com/en/shops,2026-08-31T20:58:04.254973+00:00,,
Villbrygg,,Vinmonopolet - Ålgård,"Ole Nielsens vei 25, 4330 Ålgård, Norway",Gjesdal,Norway,Shops,58.7704674,5.8462789,https://vinmonopolet.no,https://villbrygg.com/en/shops,2026-08-31T20:58:04.254973+00:00,,
Villbrygg,,Tjønnås Delikatesser,"Storgata 3, 2815 Gjøvik, Norway",Gjøvik,Norway,Shops,60.795677,10.6910174,http://www.tjonnas-delikatesser.com/,https://villbrygg.com/en/shops,2026-08-31T20:58:04.254973+00:00,,
Villbrygg,,Vinmonopolet - Gjøvik,"Jernbanesvingen 6, 2821 Gjøvik, Norway",Gjøvik,Norway,Shops,60.7999907,10.6936348,https://vinmonopolet.no,https://villbrygg.com/en/shops,2026-08-31T20:58:04.254973+00:00,,
Villbrygg,,Vinmonopolet - Sandane,"Grandavegen 10, 6823 Sandane, Norway",Gloppen,Norway,Shops,61.775777,6.213592,https://vinmonopolet.no,https://villbrygg.com/en/shops,2026-08-31T20:58:04.254973+00:00,,
Villbrygg,,Vinmonopolet - Gol,"Gamlevegen 33, 3550 Gol, Norway",Gol,Norway,Shops,60.7019898,8.9368763,https://vinmonopolet.no,https://villbrygg.com/en/shops,2026-08-31T20:58:04.254973+00:00,,
Villbrygg,,Vinmonopolet - Gran,"Smiegata 17, 2750 Gran, Norway",Gran,Norway,Shops,60.3564334,10.5711121,https://vinmonopolet.no,https://villbrygg.com/en/shops,2026-08-31T20:58:04.254973+00:00,,
Villbrygg,,Meny Grimstad,"Bark Silasvei 7, 4876 Grimstad, Norway",Grimstad,Norway,Shops,58.335318,8.590593,https://meny.no/finn-butikk/,https://villbrygg.com/en/shops,2026-08-31T20:58:04.254973+00:00,,
Villbrygg,,Vinmonopolet - Grimstad,"Skolegaten 1, 4876 Grimstad, Norway",Grimstad,Norway,Shops,58.3415886,8.5938854,https://vinmonopolet.no,https://villbrygg.com/en/shops,2026-08-31T20:58:04.254973+00:00,,
Villbrygg,,Opaker Gård,"Opaker 58, 2260 Kirkenær, Norway",Grue,Norway,Restaurants & bars,60.4066192,11.9997148,https://www.opaker.no/,https://villbrygg.com/en/shops,2026-08-31T20:58:04.254973+00:00,,
Villbrygg,,Quality Hotel Richard With,"Havnegata 2, 8450 Stokmarknes, Norway",Hadsel,Norway,Hotel,68.568608,14.913189,https://www.strawberry.no/hotell/norge/stokmarknes/quality-hotel-richard-with/?utm_campaign=gmb-listing&utm_medium=organic&utm_source=google,https://villbrygg.com/en/shops,2026-08-31T20:58:04.254973+00:00,,
Villbrygg,,Vinmonopolet - Stokmarknes,"Markedsgata 11, 8450 Stokmarknes, Norway",Hadsel,Norway,Shops,68.5670047,14.9123584,https://vinmonopolet.no,https://villbrygg.com/en/shops,2026-08-31T20:58:04.254973+00:00,,
Villbrygg,,Vinmonopolet - Halden,"Walkers gate 4, 1771 Halden, Norway",Halden,Norway,Shops,59.1215776,11.3814577,https://vinmonopolet.no,https://villbrygg.com/en/shops,2026-08-31T20:58:04.254973+00:00,,
Villbrygg,,Vinmonopolet - Hamar,"Utstillingsplassen, Ringgata 53, 2318 Hamar, Norway",Hamar,Norway,Shops,60.797437,11.088241,https://vinmonopolet.no,https://villbrygg.com/en/shops,2026-08-31T20:58:04.254973+00:00,,
Villbrygg,,Vinmonopolet - Hammerfest,"Sjøgata 6, 9600 Hammerfest, Norway",Hammerfest,Norway,Shops,70.663659,23.6825105,https://vinmonopolet.no,https://villbrygg.com/en/shops,2026-08-31T20:58:04.254973+00:00,,
Villbrygg,,Vinmonopolet - Harstad,"Amfi Bertheus, Fjordgata 1, 9405 Harstad, Norway",Harstad,Norway,Shops,68.798987,16.5456353,https://vinmonopolet.no,https://villbrygg.com/en/shops,2026-08-31T20:58:04.254973+00:00,,
Villbrygg,,Vinmonopolet - Haugesund,"Skåregata 92, 5528 Haugesund, Norway",Haugesund,Norway,Shops,59.4109372,5.2737042,https://vinmonopolet.no,https://villbrygg.com/en/shops,2026-08-31T20:58:04.254973+00:00,,
Villbrygg,,Vinmonopolet - Hemsedal,"Hemsedal Meieri AS, 3560 Hemsedal, Norway",Hemsedal,Norway,Shops,60.8393242,8.6221942,https://vinmonopolet.no,https://villbrygg.com/en/shops,2026-08-31T20:58:04.254973+00:00,,
Villbrygg,,Meny Fosnavåg,"Holmefjordvegen, 6090 Fosnavåg, Norway",Herøy (Møre Og Romsdal),Norway,Shops,62.3427945,5.6317183,https://meny.no/finn-butikk/,https://villbrygg.com/en/shops,2026-08-31T20:58:04.254973+00:00,,
Villbrygg,,Vinmonopolet - Fosnavåg,"Tollåsbakken 2, 6090 Fosnavåg, Norway",Herøy (Møre Og Romsdal),Norway,Shops,62.3426839,5.6301637,https://vinmonopolet.no,https://villbrygg.com/en/shops,2026-08-31T20:58:04.254973+00:00,,
Villbrygg,,Vinmonopolet - Herøy,"Silvalveien 5, 8850 Herøyholmen, Norway",Herøy (Nordland),Norway,Shops,65.983595,12.288024,https://vinmonopolet.no,https://villbrygg.com/en/shops,2026-08-31T20:58:04.254973+00:00,,
Villbrygg,,Vinmonopolet - Geilo,"Kyrkjevegen, 3580 Geilo, Norway",Hol,Norway,Shops,60.5353025,8.21046,https://vinmonopolet.no,https://villbrygg.com/en/shops,2026-08-31T20:58:04.254973+00:00,,
Villbrygg,,Vinmonopolet - Vik I Hole,"Vik Torg, 3530 Røyse, Norway",Hole,Norway,Shops,60.077936,10.282437,https://vinmonopolet.no,https://villbrygg.com/en/shops,2026-08-31T20:58:04.254973+00:00,,
Villbrygg,,Meny Holmestrand,"Hvittingfossvn. 123, 3080 Holmestrand, Norway",Holmestrand,Norway,Shops,59.4897566,10.2951329,https://meny.no/finn-butikk/,https://villbrygg.com/en/shops,2026-08-31T20:58:04.254973+00:00,,
Villbrygg,,Vinmonopolet - Holmestrand,"Langgaten 39, 3080 Holmestrand, Norway",Holmestrand,Norway,Shops,59.4872804,10.3181761,https://vinmonopolet.no,https://villbrygg.com/en/shops,2026-08-31T20:58:04.254973+00:00,,
Villbrygg,,Vinmonopolet - Sande,"Kostegata 2, 3070 Sande I Vestfold, Norway",Holmestrand,Norway,Shops,59.5875169,10.2064772,https://vinmonopolet.no,https://villbrygg.com/en/shops,2026-08-31T20:58:04.254973+00:00,,
Villbrygg,,Meny Åsgårdstrand,"Grev Wedelsgate 46, 3179 Åsgårdstrand, Norway",Horten,Norway,Shops,59.349765,10.460008,https://meny.no/finn-butikk/,https://villbrygg.com/en/shops,2026-08-31T20:58:04.254973+00:00,,
Villbrygg,,Vinmonopolet - Horten,"Teatergata 6, 3187 Horten, Norway",Horten,Norway,Shops,59.415202,10.486162,https://vinmonopolet.no,https://villbrygg.com/en/shops,2026-08-31T20:58:04.254973+00:00,,
Villbrygg,,Vinmonopolet - Åsgårdstrand,"Grev Wedels gate 46, 3179 Åsgårdstrand, Norway",Horten,Norway,Shops,59.349765,10.460008,https://vinmonopolet.no,https://villbrygg.com/en/shops,2026-08-31T20:58:04.254973+00:00,,
Villbrygg,,Vinmonopolet - Elnesvågen,"Bølgen Kjøpesenter, 6440 Elnesvågen, Norway",Hustadvika,Norway,Shops,62.8543365,7.1613321,https://vinmonopolet.no,https://villbrygg.com/en/shops,2026-08-31T20:58:04.254973+00:00,,
Villbrygg,,Vinmonopolet - Hvaler,"Prinsebakken 3, 1680 Skjærhalden, Norway",Hvaler,Norway,Shops,59.027507,11.034178,https://vinmonopolet.no,https://villbrygg.com/en/shops,2026-08-31T20:58:04.254973+00:00,,
Villbrygg,,Vinmonopolet - Nærbø,"Torggata 2, 4365 Nærbø, Norway",Hå,Norway,Shops,58.668115,5.640483,https://vinmonopolet.no,https://villbrygg.com/en/shops,2026-08-31T20:58:04.254973+00:00,,
Villbrygg,,Vinmonopolet - Høyanger,"August Gunnarskogs gate 2, 6993 Høyanger, Norway",Høyanger,Norway,Shops,61.2186264,6.0727278,https://vinmonopolet.no,https://villbrygg.com/en/shops,2026-08-31T20:58:04.254973+00:00,,
Villbrygg,,Vinmonopolet - Inderøy,"Nessjordet 1, 7670 Inderøy, Norway",Inderøy,Norway,Shops,63.8737553,11.2980482,https://vinmonopolet.no,https://villbrygg.com/en/shops,2026-08-31T20:58:04.254973+00:00,,
Villbrygg,,Vinmonopolet - Rissa,"Rådhusveien 6, 7100 Rissa, Norway",Indre Fosen,Norway,Shops,63.58404,9.961041,https://vinmonopolet.no,https://villbrygg.com/en/shops,2026-08-31T20:58:04.254973+00:00,,
Villbrygg,,Meny Askim,"Haugomgata 17, 1811 Askim, Norway",Indre Østfold,Norway,Shops,59.581564,11.168817,https://meny.no/finn-butikk/,https://villbrygg.com/en/shops,2026-08-31T20:58:04.254973+00:00,,
Villbrygg,,Vinmonopolet - Askim,"Haugomgata 17, 1811 Askim, Norway",Indre Østfold,Norway,Shops,59.581564,11.168817,https://vinmonopolet.no,https://villbrygg.com/en/shops,2026-08-31T20:58:04.254973+00:00,,
Villbrygg,,Vinmonopolet - Mysen,"Smedgata 32, 1850 Mysen, Norway",Indre Østfold,Norway,Shops,59.5531667,11.3338883,https://vinmonopolet.no,https://villbrygg.com/en/shops,2026-08-31T20:58:04.254973+00:00,,
Villbrygg,,Vinmonopolet - Karmøy,"Austre Karmøyveg 130, 4250 Kopervik, Norway",Karmøy,Norway,Shops,59.2804183,5.3033257,https://vinmonopolet.no,https://villbrygg.com/en/shops,2026-08-31T20:58:04.254973+00:00,,
Villbrygg,,Vinmonopolet - Karmøy Oasen,"Austbøvegen 16, 5542 Karmsund, Norway",Karmøy,Norway,Shops,59.377929,5.307881,https://vinmonopolet.no,https://villbrygg.com/en/shops,2026-08-31T20:58:04.254973+00:00,,
Villbrygg,,Vinmonopolet - Florø,"Hestenesgata 2, 6900 Florø, Norway",Kinn,Norway,Shops,61.600773,5.037081,https://vinmonopolet.no,https://villbrygg.com/en/shops,2026-08-31T20:58:04.254973+00:00,,
Villbrygg,,Vinmonopolet - Måløy,"Sjøgata 34, 6700 Måløy, Norway",Kinn,Norway,Shops,61.9360128,5.1153931,https://vinmonopolet.no,https://villbrygg.com/en/shops,2026-08-31T20:58:04.254973+00:00,,
Villbrygg,,Vinmonopolet - Klepp,"Jærhagen senter, Solavegen 25, 4351 Kleppe, Norway",Klepp,Norway,Shops,58.779308,5.62644,https://vinmonopolet.no,https://villbrygg.com/en/shops,2026-08-31T20:58:04.254973+00:00,,
Villbrygg,,Vinmonopolet - Kongsberg,"Myntgata 16, 3616 Kongsberg, Norway",Kongsberg,Norway,Shops,59.6633745,9.6477499,https://vinmonopolet.no,https://villbrygg.com/en/shops,2026-08-31T20:58:04.254973+00:00,,
Villbrygg,,Vinmonopolet - Kongsvinger,"Gågata 34, 2211 Kongsvinger, Norway",Kongsvinger,Norway,Shops,60.186471,12.004654,https://vinmonopolet.no,https://villbrygg.com/en/shops,2026-08-31T20:58:04.254973+00:00,,
Villbrygg,,Vinmonopolet - Kragerø,"Ytre Strandvei 11, 3770 Kragerø, Norway",Kragerø,Norway,Shops,58.8694172,9.4152279,https://vinmonopolet.no,https://villbrygg.com/en/shops,2026-08-31T20:58:04.254973+00:00,,
Villbrygg,,Smag & Behag,"Dronningens gate 48a, 4608 Kristiansand, Norway",Kristiansand,Norway,Restaurants & bars,58.147054,8.00101,https://smag-behag.no/,https://villbrygg.com/en/shops,2026-08-31T20:58:04.254973+00:00,,
Villbrygg,,Vinbaren på Mølla,"Setesdalsveien 43, 4617 Kristiansand, Norway",Kristiansand,Norway,Restaurants & bars,58.1631882,7.9500895,https://www.facebook.com/Vinbaren.molla/,https://villbrygg.com/en/shops,2026-08-31T20:58:04.254973+00:00,,
Villbrygg,,Meny Grim,"Grims Torv 3, 4673 Kristiansand, Norway",Kristiansand,Norway,Shops,58.1572233,8.0587064,https://meny.no/finn-butikk/,https://villbrygg.com/en/shops,2026-08-31T20:58:04.254973+00:00,,
Villbrygg,,Meny Rona,"Gamle Strømmevei 3, 4638 Kristiansand, Norway",Kristiansand,Norway,Shops,58.1604715,8.0822301,https://meny.no/finn-butikk/,https://villbrygg.com/en/shops,2026-08-31T20:58:04.254973+00:00,,
Villbrygg,,Meny Sørlandsparken,"Grasdalen 16, 4636 Kristiansand, Norway",Kristiansand,Norway,Shops,58.1809,8.12536,https://meny.no/finn-butikk/,https://villbrygg.com/en/shops,2026-08-31T20:58:04.254973+00:00,,
Villbrygg,,Meny Vågsbygd,"Sagmyra 7, 4624 Kristiansand, Norway",Kristiansand,Norway,Shops,58.1113834,7.9527981,https://meny.no/finn-butikk/,https://villbrygg.com/en/shops,2026-08-31T20:58:04.254973+00:00,,
Villbrygg,,Vinmonopolet - Kr.Sand Lillemarkens,"Gyldenløves gate 1C, 4611 Kristiansand, Norway",Kristiansand,Norway,Shops,58.1453068,7.9913995,https://vinmonopolet.no,https://villbrygg.com/en/shops,2026-08-31T20:58:04.254973+00:00,,
Villbrygg,,Vinmonopolet - Kristiansand S Vågsbygd,"Kirsten Flagstads vei 30, 4621 Kristiansand, Norway",Kristiansand,Norway,Shops,58.1254129,7.9540516,https://vinmonopolet.no,https://villbrygg.com/en/shops,2026-08-31T20:58:04.254973+00:00,,
Villbrygg,,Vinmonopolet - Søgne,"Marie Føreids vei 10, 4640 Søgne, Norway",Kristiansand,Norway,Shops,58.0984711,7.8155566,https://vinmonopolet.no,https://villbrygg.com/en/shops,2026-08-31T20:58:04.254973+00:00,,
Villbrygg,,Vinmonopolet - Sørlandssenteret,"Barstølveien 31-35, 4636 Kristiansand, Norway",Kristiansand,Norway,Shops,58.1799171,8.1295424,https://vinmonopolet.no,https://villbrygg.com/en/shops,2026-08-31T20:58:04.254973+00:00,,
Villbrygg,,Vinmonopolet - Kristiansund Futura,"Industriveien 17, 6517 Kristiansund, Norway",Kristiansund,Norway,Shops,63.110478,7.781075,https://vinmonopolet.no,https://villbrygg.com/en/shops,2026-08-31T20:58:04.254973+00:00,,
Villbrygg,,Vinmonopolet - Kristiansund N,"Arnulf Øverlands gate 2, 6509 Kristiansund N, Norway",Kristiansund,Norway,Shops,63.110626,7.73295,https://vinmonopolet.no,https://villbrygg.com/en/shops,2026-08-31T20:58:04.254973+00:00,,
Villbrygg,,Vinmonopolet - Norheimsund,"Kaien 11, 5600 Norheimsund, Norway",Kvam,Norway,Shops,60.3723006,6.1462228,https://vinmonopolet.no,https://villbrygg.com/en/shops,2026-08-31T20:58:04.254973+00:00,,
Villbrygg,,Iris,"Salmon Eye, 5470 Rosendal, Norway",Kvinnherad,Norway,Restaurants & bars,59.9860347,5.9250368,https://www.restaurantiris.no/,https://villbrygg.com/en/shops,2026-08-31T20:58:04.254973+00:00,,
Villbrygg,,Vinmonopolet - Husnes,"Sentrumsvegen 15, 5460 Husnes, Norway",Kvinnherad,Norway,Shops,59.8620974,5.7560033,https://vinmonopolet.no,https://villbrygg.com/en/shops,2026-08-31T20:58:04.254973+00:00,,
Villbrygg,,Meny Helgeroa,"Søndersrød, 3295 Helgeroa, Norway",Larvik,Norway,Shops,58.9940334,9.8575345,https://meny.no/finn-butikk/,https://villbrygg.com/en/shops,2026-08-31T20:58:04.254973+00:00,,
Villbrygg,,Meny Larvik Sentrum,"Olavs Gate 30, 3257 Larvik, Norway",Larvik,Norway,Shops,59.0537171,10.0324692,https://meny.no/finn-butikk/,https://villbrygg.com/en/shops,2026-08-31T20:58:04.254973+00:00,,
Villbrygg,,Meny Stavern,"Kommandør Herbstg 12, 3290 Stavern, Norway",Larvik,Norway,Shops,59.0000653,10.0342954,https://meny.no/finn-butikk/,https://villbrygg.com/en/shops,2026-08-31T20:58:04.254973+00:00,,
Villbrygg,,Meny Øya Larvik,"Tjøllingveien 45, 3262 Larvik, Norway",Larvik,Norway,Shops,59.0443489,10.060678,https://meny.no/finn-butikk/,https://villbrygg.com/en/shops,2026-08-31T20:58:04.254973+00:00,,
Villbrygg,,Vinmonopolet - Larvik,"Jegersborggata 4, 3256 Larvik, Norway",Larvik,Norway,Shops,59.053857,10.029257,https://vinmonopolet.no,https://villbrygg.com/en/shops,2026-08-31T20:58:04.254973+00:00,,
Villbrygg,,Vinmonopolet - Stavern,"Larviksveien 12B, 3290 Stavern, Norway",Larvik,Norway,Shops,58.9999564,10.0356684,https://vinmonopolet.no,https://villbrygg.com/en/shops,2026-08-31T20:58:04.254973+00:00,,
Villbrygg,,Vinmonopolet - Levanger,"Kirkegata 73, 7600 Levanger, Norway",Levanger,Norway,Shops,63.7491344,11.3026379,https://vinmonopolet.no,https://villbrygg.com/en/shops,2026-08-31T20:58:04.254973+00:00,,
Villbrygg,,Vinmonopolet - Liertoppen,"Drammensveien 201, 3420 Lierskogen, Norway",Lier,Norway,Restaurants & bars,59.811291,10.30584,https://vinmonopolet.no,https://villbrygg.com/en/shops,2026-08-31T20:58:04.254973+00:00,,
Villbrygg,,Vinmonopolet - Lillehammer,"Storgata 62, 2609 Lillehammer, Norway",Lillehammer,Norway,Shops,61.115238,10.465818,https://vinmonopolet.no,https://villbrygg.com/en/shops,2026-08-31T20:58:04.254973+00:00,,
Villbrygg,,Vinmonopolet - Lillesand,"Storgata 2, 4790 Lillesand, Norway",Lillesand,Norway,Shops,58.249184,8.375967,https://vinmonopolet.no,https://villbrygg.com/en/shops,2026-08-31T20:58:04.254973+00:00,,
Villbrygg,,Meny Strømmen,"Stasjonsveien 8, 2010 Strømmen, Norway",Lillestrøm,Norway,Shops,59.9468966,11.0051611,https://meny.no/finn-butikk/,https://villbrygg.com/en/shops,2026-08-31T20:58:04.254973+00:00,,
Villbrygg,,Vinmonopolet - Fetsund,"Gamle Fetvei 13, 1900 Fetsund, Norway",Lillestrøm,Norway,Shops,59.9281266,11.1624553,https://vinmonopolet.no,https://villbrygg.com/en/shops,2026-08-31T20:58:04.254973+00:00,,
Villbrygg,,Vinmonopolet - Lillestrøm,"Storgata 26, 2000 Lillestrøm, Norway",Lillestrøm,Norway,Shops,59.9575957,11.0483284,https://vinmonopolet.no,https://villbrygg.com/en/shops,2026-08-31T20:58:04.254973+00:00,,
Villbrygg,,Vinmonopolet - Skedsmokorset,"Furuholtet 1, 2020 Skedsmokorset, Norway",Lillestrøm,Norway,Shops,60.000994,11.039743,https://vinmonopolet.no,https://villbrygg.com/en/shops,2026-08-31T20:58:04.254973+00:00,,
Villbrygg,,Vinmonopolet - Strømmen,"Støperiveien 5, 2010 Strømmen, Norway",Lillestrøm,Norway,Shops,59.947108,11.007533,https://vinmonopolet.no,https://villbrygg.com/en/shops,2026-08-31T20:58:04.254973+00:00,,
Villbrygg,,Vinmonopolet - Sørumsand,"Fru Natvigs vei 1, 1920 Sørumsand, Norway",Lillestrøm,Norway,Shops,59.987034,11.243711,https://vinmonopolet.no,https://villbrygg.com/en/shops,2026-08-31T20:58:04.254973+00:00,,
Villbrygg,,Vinmonopolet - Mandal,"Skarvøyveien 16, 4517 Mandal, Norway",Lindesnes,Norway,Shops,58.029354,7.46235,https://vinmonopolet.no,https://villbrygg.com/en/shops,2026-08-31T20:58:04.254973+00:00,,
Villbrygg,,Brimibue Hotell,"Sognefjellsvegen 13, 2686 Fossbergom, Norway",Lom,Norway,Restaurants & bars,61.837211,8.567525,http://brimibuehotel.no/,https://villbrygg.com/en/shops,2026-08-31T20:58:04.254973+00:00,,
Villbrygg,,Vinmonopolet - Luster,"Rådhusvegen 5, 6868 Gaupne, Norway",Luster,Norway,Shops,61.403211,7.295086,https://vinmonopolet.no,https://villbrygg.com/en/shops,2026-08-31T20:58:04.254973+00:00,,
Villbrygg,,Vinmonopolet - Lyngdal,"Kirkeveien 3, 4580 Lyngdal, Norway",Lyngdal,Norway,Shops,58.13781,7.070376,https://vinmonopolet.no,https://villbrygg.com/en/shops,2026-08-31T20:58:04.254973+00:00,,
Villbrygg,,Vinmonopolet - Lødingen,"Sjøvegen 2, 8410 Lødingen, Norway",Lødingen,Norway,Shops,68.4139602,15.9977513,https://vinmonopolet.no,https://villbrygg.com/en/shops,2026-08-31T20:58:04.254973+00:00,,
Villbrygg,,Vinmonopolet - Lørenskog Triaden,"Gamleveien 88, 1461 Lørenskog, Norway",Lørenskog,Norway,Shops,59.918615,10.953523,https://vinmonopolet.no,https://villbrygg.com/en/shops,2026-08-31T20:58:04.254973+00:00,,
Villbrygg,,Vinmonopolet - Metro Senteret,"Bibliotekgata 30, 1473 Lørenskog, Norway",Lørenskog,Norway,Shops,59.927567,10.958371,https://vinmonopolet.no,https://villbrygg.com/en/shops,2026-08-31T20:58:04.254973+00:00,,
Villbrygg,,Vinmonopolet - Løten,"Stasjonsvegen 12, 2340 Løten, Norway",Løten,Norway,Shops,60.8198227,11.3420683,https://vinmonopolet.no,https://villbrygg.com/en/shops,2026-08-31T20:58:04.254973+00:00,,
Villbrygg,,Vinmonopolet - Malvik,"Sveberg Handelspark, Svebergvegen 3, 7550 Hommelvik, Norway",Malvik,Norway,Shops,63.419972,10.756192,https://vinmonopolet.no,https://villbrygg.com/en/shops,2026-08-31T20:58:04.254973+00:00,,
Villbrygg,,Vinmonopolet - Ørnes,"Chr. Tidemanns vei 18, 8150 Ørnes, Norway",Meløy,Norway,Shops,66.8728429,13.7062649,https://vinmonopolet.no,https://villbrygg.com/en/shops,2026-08-31T20:58:04.254973+00:00,,
Villbrygg,,Vinmonopolet - Bø,"Bøgata 36, 3800 Bø I Telemark, Norway",Midt-Telemark,Norway,Shops,59.4139783,9.064463,https://vinmonopolet.no,https://villbrygg.com/en/shops,2026-08-31T20:58:04.254973+00:00,,
Villbrygg,,Vinmonopolet - Støren,"Stasjonsveien 7, 7290 Småvollan, Norway",Midtre Gauldal,Norway,Shops,63.048122,10.283079,https://vinmonopolet.no,https://villbrygg.com/en/shops,2026-08-31T20:58:04.254973+00:00,,
Villbrygg,,Vinmonopolet - Vikersund,"Vikersundgata 34, 3370 Vikersund, Norway",Modum,Norway,Shops,59.965251,9.99349,https://vinmonopolet.no,https://villbrygg.com/en/shops,2026-08-31T20:58:04.254973+00:00,,
Villbrygg,,Vinmonopolet - Molde,"Birger Hatlebakks veg 1, 6415 Molde, Norway",Molde,Norway,Shops,62.7375849,7.1828071,https://vinmonopolet.no,https://villbrygg.com/en/shops,2026-08-31T20:58:04.254973+00:00,,
Villbrygg,,Meny Høyden,"Ryggeveien 96, 1528 Moss, Norway",Moss,Norway,Shops,59.4179798,10.6860453,https://meny.no/finn-butikk/,https://villbrygg.com/en/shops,2026-08-31T20:58:04.254973+00:00,,
Villbrygg,,Meny Mosseporten,"Patterødveien 2, 1599 Moss, Norway",Moss,Norway,Shops,59.4462476,10.7032399,https://meny.no/finn-butikk/,https://villbrygg.com/en/shops,2026-08-31T20:58:04.254973+00:00,,
Villbrygg,,Vinmonopolet - Rygge,"Carlbergveien 2, 1526 Moss, Norway",Moss,Norway,Shops,59.4160675,10.6824975,https://vinmonopolet.no,https://villbrygg.com/en/shops,2026-08-31T20:58:04.254973+00:00,,
Villbrygg,,Vinmonopolet - Bardufoss,"Andsliveien 25, 9325 Bardufoss, Norway",Målselv,Norway,Shops,69.0638531,18.5048918,https://vinmonopolet.no,https://villbrygg.com/en/shops,2026-08-31T20:58:04.254973+00:00,,
Villbrygg,,Bonden & Bohemen,"Herlaugs gate 4, 7800 Namsos, Norway",Namsos,Norway,Shops,64.4670804,11.4931718,https://namsosstorsenter.no/butikker/bonden--bohemen/,https://villbrygg.com/en/shops,2026-08-31T20:58:04.254973+00:00,,
Villbrygg,,Vinmonopolet - Namsos,"Namsos Storsenter, Verftsgata 2, 7800 Namsos, Norway",Namsos,Norway,Shops,64.4676036,11.4913657,https://vinmonopolet.no,https://villbrygg.com/en/shops,2026-08-31T20:58:04.254973+00:00,,
Villbrygg,,Vinmonopolet - Narvik,"Kongensgate 66, 8514 Narvik, Norway",Narvik,Norway,Shops,68.4416213,17.4365375,https://vinmonopolet.no,https://villbrygg.com/en/shops,2026-08-31T20:58:04.254973+00:00,,
Villbrygg,,Vinmonopolet - Årnes,"Rådhusgata 11, 2150 Årnes, Norway",Nes,Norway,Shops,60.122745,11.4682217,https://vinmonopolet.no,https://villbrygg.com/en/shops,2026-08-31T20:58:04.254973+00:00,,
Villbrygg,,Signalen Sjøbad,"Tangenveien 1, 1450 Nesoddtangen, Norway",Nesodden,Norway,Restaurants & bars,59.870762,10.657047,https://www.facebook.com/signalensjobad/?locale=nb_NO,https://villbrygg.com/en/shops,2026-08-31T20:58:04.254973+00:00,,
Villbrygg,,Røtter - Nesodden,"Vestveien 51, 1452 Nesoddtangen, Norway",Nesodden,Norway,Shops,59.8559228,10.6608247,http://www.roetter.no/,https://villbrygg.com/en/shops,2026-08-31T20:58:04.254973+00:00,,
Villbrygg,,Vinmonopolet - Nesodden,"Vestveien 51, 1452 Nesoddtangen, Norway",Nesodden,Norway,Shops,59.8559228,10.6608247,https://vinmonopolet.no,https://villbrygg.com/en/shops,2026-08-31T20:58:04.254973+00:00,,
Villbrygg,,Vinmonopolet - Nittedal,"Mattias Skytters vei 2/4, 1482 Nittedal, Norway",Nittedal,Norway,Shops,60.0468222,10.8811422,https://vinmonopolet.no,https://villbrygg.com/en/shops,2026-08-31T20:58:04.254973+00:00,,
Villbrygg,,Vinmonopolet - Fagernes,"Skrautvålvegen 6, 2900 Fagernes, Norway",Nord-Aurdal,Norway,Shops,60.9862811,9.2344711,https://vinmonopolet.no,https://villbrygg.com/en/shops,2026-08-31T20:58:04.254973+00:00,,
Villbrygg,,Vinmonopolet - Vinstra,"Vinstragata 96, 2640 Vinstra, Norway",Nord-Fron,Norway,Shops,61.594406,9.725899,https://vinmonopolet.no,https://villbrygg.com/en/shops,2026-08-31T20:58:04.254973+00:00,,
Villbrygg,,Meny Nordbyveien,"Nordbyveien 41, 1406 Ski, Norway",Nordre Follo,Norway,Shops,59.7205784,10.8167822,https://meny.no/finn-butikk/,https://villbrygg.com/en/shops,2026-08-31T20:58:04.254973+00:00,,
Villbrygg,,Meny Ski Storsenter,"Jernbanesvingen 6, 1400 Ski, Norway",Nordre Follo,Norway,Shops,59.716364,10.835714,https://meny.no/finn-butikk/,https://villbrygg.com/en/shops,2026-08-31T20:58:04.254973+00:00,,
Villbrygg,,Vinmonopolet - Kolbotn,"Strandliveien 4, 1410 Ingieråsen, Norway",Nordre Follo,Norway,Shops,59.8100247,10.79992,https://vinmonopolet.no,https://villbrygg.com/en/shops,2026-08-31T20:58:04.254973+00:00,,
Villbrygg,,Vinmonopolet - Ski,"Jernbanesvingen 6, 1400 Ski, Norway",Nordre Follo,Norway,Shops,59.716364,10.835714,https://vinmonopolet.no,https://villbrygg.com/en/shops,2026-08-31T20:58:04.254973+00:00,,
Villbrygg,,Vinmonopolet - Dokka,"Storgata 31, 2870 Dokka, Norway",Nordre Land,Norway,Shops,60.8345399,10.0743066,https://vinmonopolet.no,https://villbrygg.com/en/shops,2026-08-31T20:58:04.254973+00:00,,
Villbrygg,,Vinmonopolet - Storslett,"Gammen Varehus, Fosseng 2, 9151 Storslett, Norway",Nordreisa,Norway,Shops,69.7686053,21.0035188,https://vinmonopolet.no,https://villbrygg.com/en/shops,2026-08-31T20:58:04.254973+00:00,,
Villbrygg,,Vinmonopolet - Notodden,"Storgata 13, 3674 Notodden, Norway",Notodden,Norway,Shops,59.5569583,9.2551765,https://vinmonopolet.no,https://villbrygg.com/en/shops,2026-08-31T20:58:04.254973+00:00,,
Villbrygg,,Vinmonopolet - Oppdal,"Domusgården, Dovrevegen 2, 7340 Oppdal, Norway",Oppdal,Norway,Shops,,,https://vinmonopolet.no,https://villbrygg.com/en/shops,2026-08-31T20:58:04.254973+00:00,,
Villbrygg,,Vinmonopolet - Orkanger,"Orkdalsveien 113, 7300 Orkanger, Norway",Orkland,Norway,Shops,63.297728,9.845253,https://vinmonopolet.no,https://villbrygg.com/en/shops,2026-08-31T20:58:04.254973+00:00,,
Villbrygg,,Håndbakt,"Kjølberggata 21, 0653 Oslo, Norway",Oslo,Norway,Cafés & bakeries,59.911138,10.778386,https://www.handbakt.no/,https://villbrygg.com/en/shops,2026-08-31T20:58:04.254973+00:00,,
Villbrygg,,Krutthuset,"krutthuset steinbruvann, 0963 Oslo, Norway",Oslo,Norway,Cafés & bakeries,59.9792556,10.8803104,https://www.skiforeningen.no/utimarka/omrader/lillomarka-og-gjellerasen/steder/krutthuset/,https://villbrygg.com/en/shops,2026-08-31T20:58:04.254973+00:00,,
Villbrygg,,Test Testesen,"Vogts Gate 59b, 0477 Oslo, Norway",Oslo,Norway,Hotel,59.935752,10.766076,https://shop.villbrygg.com,https://villbrygg.com/en/shops,2026-08-31T20:58:04.254973+00:00,,
Villbrygg,,Arakataka,"Mariboes gate 7B, 0183 Oslo, Norway",Oslo,Norway,Restaurants & bars,59.916379,10.750812,https://www.arakataka.no/,https://villbrygg.com/en/shops,2026-08-31T20:58:04.254973+00:00,,
Villbrygg,,Asia Aker Brygge,"Stranden 1, 0250 Oslo, Norway",Oslo,Norway,Restaurants & bars,59.910504,10.728505,http://www.asiaakerbrygge.no/,https://villbrygg.com/en/shops,2026-08-31T20:58:04.254973+00:00,,
Villbrygg,,Babbo Collective - Øvrefoss,"Øvrefoss 4, 0555 Oslo, Norway",Oslo,Norway,Restaurants & bars,59.927411,10.756708,https://www.babbocollectivefoss.com/,https://villbrygg.com/en/shops,2026-08-31T20:58:04.254973+00:00,,
Villbrygg,,Becco,"Kristian Augusts gate 11, 0164 Oslo, Norway",Oslo,Norway,Restaurants & bars,59.916759,10.737756,https://becco.no/,https://villbrygg.com/en/shops,2026-08-31T20:58:04.254973+00:00,,
Villbrygg,,Bon Lio,"Storgata 41, 0182 Oslo, Norway",Oslo,Norway,Restaurants & bars,59.915211,10.754918,https://www.bonlio.no/,https://villbrygg.com/en/shops,2026-08-31T20:58:04.254973+00:00,,
Villbrygg,,Byens Tak,"Youngstorget 2A, 0181 Oslo, Norway",Oslo,Norway,Restaurants & bars,59.9148776,10.7490121,http://byenstak.com/,https://villbrygg.com/en/shops,2026-08-31T20:58:04.254973+00:00,,
Villbrygg,,Eff Eff,"Fredensborgveien 22A, 0177 Oslo, Norway",Oslo,Norway,Restaurants & bars,59.918547,10.747849,http://www.effeff.no/,https://villbrygg.com/en/shops,2026-08-31T20:58:04.254973+00:00,,
Villbrygg,,Evita Espressobar,"Brugata 17, 0186 Oslo, Norway",Oslo,Norway,Restaurants & bars,59.914055,10.757451,https://www.instagram.com/evitabrugata/,https://villbrygg.com/en/shops,2026-08-31T20:58:04.254973+00:00,,
Villbrygg,,Festningen,"Myntgata 9, 0151 Oslo, Norway",Oslo,Norway,Restaurants & bars,59.908378,10.735619,http://www.festningenrestaurant.no/,https://villbrygg.com/en/shops,2026-08-31T20:58:04.254973+00:00,,
Villbrygg,,Fiskeriet,"Youngstorget 2b, 0181 Oslo, Norway",Oslo,Norway,Restaurants & bars,59.9148776,10.7490121,https://www.google.com/preferences?hl=en,https://villbrygg.com/en/shops,2026-08-31T20:58:04.254973+00:00,,
Villbrygg,,Fuglen,"Universitetsgata 2, 0164 Oslo, Norway",Oslo,Norway,Restaurants & bars,59.917498,10.740059,https://fuglen.no/Fuglen-Oslo-Sentrum,https://villbrygg.com/en/shops,2026-08-31T20:58:04.254973+00:00,,
Villbrygg,,Hot Shop,"Københavngata 18, 0566 Oslo, Norway",Oslo,Norway,Restaurants & bars,59.928184,10.768297,https://www.restauranthotshop.no/en/home/,https://villbrygg.com/en/shops,2026-08-31T20:58:04.254973+00:00,,
Villbrygg,,Hyde,"Rosteds gate 15B, 0178 Oslo, Norway",Oslo,Norway,Restaurants & bars,59.919684,10.748822,http://restauranthyde.no/,https://villbrygg.com/en/shops,2026-08-31T20:58:04.254973+00:00,,
Villbrygg,,Juret,"Ruseløkkveien 3, 0251 Oslo, Norway",Oslo,Norway,Restaurants & bars,59.914243,10.728986,http://www.juret.no/,https://villbrygg.com/en/shops,2026-08-31T20:58:04.254973+00:00,,
Villbrygg,,Kafeteria August,"Universitetsgata 9, 0164 Oslo, Norway",Oslo,Norway,Restaurants & bars,59.917128,10.738718,https://kafeteriaaugust.no/,https://villbrygg.com/en/shops,2026-08-31T20:58:04.254973+00:00,,
Villbrygg,,Kampen Kaffebar,"Bøgata 10, 0655 Oslo, Norway",Oslo,Norway,Restaurants & bars,59.911929,10.780678,https://kampenkaffe.com/,https://villbrygg.com/en/shops,2026-08-31T20:58:04.254973+00:00,,
Villbrygg,,Kolonihagen,"Frognerveien 33, 0263 Oslo, Norway",Oslo,Norway,Restaurants & bars,59.918953,10.710072,https://www.kolonihagen.no/,https://villbrygg.com/en/shops,2026-08-31T20:58:04.254973+00:00,,
Villbrygg,,Kuro,"Rathkes gate 9C, 0558 Oslo, Norway",Oslo,Norway,Restaurants & bars,59.920806,10.76313,http://instagram.com/kuro.oslo/,https://villbrygg.com/en/shops,2026-08-31T20:58:04.254973+00:00,,
Villbrygg,,Maaltid,"Sørligata 36, 0577 Oslo, Norway",Oslo,Norway,Restaurants & bars,59.914309,10.771528,https://www.maaltidtoyen.no/,https://villbrygg.com/en/shops,2026-08-31T20:58:04.254973+00:00,,
Villbrygg,,Nektar,"Fredensborgveien 42, 0177 Oslo, Norway",Oslo,Norway,Restaurants & bars,59.92039,10.749109,https://www.nektarvinbar.no/,https://villbrygg.com/en/shops,2026-08-31T20:58:04.254973+00:00,,
Villbrygg,,Ostara,"Kirkegata 20, 0152 Oslo, Norway",Oslo,Norway,Restaurants & bars,59.9113725,10.7448187,https://www.ostarabar.no/,https://villbrygg.com/en/shops,2026-08-31T20:58:04.254973+00:00,,
Villbrygg,,Park 29,"Parkveien 29, 0350 Oslo, Norway",Oslo,Norway,Restaurants & bars,59.920433,10.727411,https://www.park29.no/,https://villbrygg.com/en/shops,2026-08-31T20:58:04.254973+00:00,,
Villbrygg,,Pillefyken,"Monrads gate 1, 0577 Oslo, Norway",Oslo,Norway,Restaurants & bars,59.915331,10.773455,https://www.instagram.com/pillefyken/?hl=en,https://villbrygg.com/en/shops,2026-08-31T20:58:04.254973+00:00,,
Villbrygg,,Plah Restaurant & Bar,"Sommerrogata 1, 0255 Oslo, Norway",Oslo,Norway,Restaurants & bars,59.915245,10.719612,https://plah.no/,https://villbrygg.com/en/shops,2026-08-31T20:58:04.254973+00:00,,
Villbrygg,,Rampen,"Schweigaards gate 34C, 0191 Oslo, Norway",Oslo,Norway,Restaurants & bars,59.909755,10.765757,https://www.rampenoslo.com/,https://villbrygg.com/en/shops,2026-08-31T20:58:04.254973+00:00,,
Villbrygg,,Restaurant Bente,"Vogts gate 31 A, 0474 Oslo, Norway",Oslo,Norway,Restaurants & bars,59.932499,10.763079,https://www.restaurantbente.com/,https://villbrygg.com/en/shops,2026-08-31T20:58:04.254973+00:00,,
Villbrygg,,Skaal,"Olaf Ryes Plass 12, 0552 Oslo, Norway",Oslo,Norway,Restaurants & bars,59.923488,10.758629,https://www.skaalmatbar.no/,https://villbrygg.com/en/shops,2026-08-31T20:58:04.254973+00:00,,
Villbrygg,,Statholdergaarden,"Rådhusgata 11, 0151 Oslo, Norway",Oslo,Norway,Restaurants & bars,59.909373,10.743433,https://statholdergaarden.no/statholdergaarden,https://villbrygg.com/en/shops,2026-08-31T20:58:04.254973+00:00,,
Villbrygg,,Stykke Pipa,"Bøkkerveien 11, 0579 Oslo, Norway",Oslo,Norway,Restaurants & bars,59.9273897,10.7961598,https://stykke.no/,https://villbrygg.com/en/shops,2026-08-31T20:58:04.254973+00:00,,
Villbrygg,,The Golden Chimp,"Heimdalsgata 37, 0578 Oslo, Norway",Oslo,Norway,Restaurants & bars,59.914321,10.767087,https://www.thegoldenchimp.no/english1,https://villbrygg.com/en/shops,2026-08-31T20:58:04.254973+00:00,,
Villbrygg,,Torget Bar,"Grønland 24, 0188 Oslo, Norway",Oslo,Norway,Restaurants & bars,59.912936,10.761899,https://mathallenoslo.no/en/butikk/torget/,https://villbrygg.com/en/shops,2026-08-31T20:58:04.254973+00:00,,
Villbrygg,,Via Village,"Munkedamsveien 29, 0251 Oslo, Norway",Oslo,Norway,Restaurants & bars,59.91217,10.726725,https://viavillage.no/,https://villbrygg.com/en/shops,2026-08-31T20:58:04.254973+00:00,,
Villbrygg,,Victoria National Jazz Scene,"Karl Johans gt. 35, 0162 Oslo, Norway",Oslo,Norway,Restaurants & bars,59.9141848,10.7375256,https://nasjonaljazzscene.no/,https://villbrygg.com/en/shops,2026-08-31T20:58:04.254973+00:00,,
Villbrygg,,À L'aise,"Essendrops gate 6, 0368 Oslo, Norway",Oslo,Norway,Restaurants & bars,59.929106,10.709772,https://www.alaise.no/,https://villbrygg.com/en/shops,2026-08-31T20:58:04.254973+00:00,,
Villbrygg,,Annis - Oslobukta,"Dronning Eufemias gate 37, 0194 Oslo, Norway",Oslo,Norway,Shops,59.907341,10.759052,https://polsemakeri.no/,https://villbrygg.com/en/shops,2026-08-31T20:58:04.254973+00:00,,
Villbrygg,,Gutta På Haugen - CC-Vest,"Lilleakerveien 16, 0283 Oslo, Norway",Oslo,Norway,Shops,59.917405,10.636047,https://www.gutta.no/,https://villbrygg.com/en/shops,2026-08-31T20:58:04.254973+00:00,,
Villbrygg,,Gutta På Haugen - Nordstrand,"Nordstrandveien 47, 1163 Oslo, Norway",Oslo,Norway,Shops,59.86062,10.801578,https://www.gutta.no/,https://villbrygg.com/en/shops,2026-08-31T20:58:04.254973+00:00,,
Villbrygg,,Gutta På Haugen - St. Hanshaugen,"Ullevålsveien 45, 0170 Oslo, Norway",Oslo,Norway,Shops,59.9236393,10.7399612,https://www.gutta.no/,https://villbrygg.com/en/shops,2026-08-31T20:58:04.254973+00:00,,
Villbrygg,,Gutta På Haugen - Via Vika,"Ruseløkkveien 26, 0251 Oslo, Norway",Oslo,Norway,Shops,59.912559,10.726927,https://www.gutta.no/,https://villbrygg.com/en/shops,2026-08-31T20:58:04.254973+00:00,,
Villbrygg,,Havens Kolonial,"Jacob Aalls gate 59, 0364 Oslo, Norway",Oslo,Norway,Shops,59.931366,10.725428,http://www.havens.no/,https://villbrygg.com/en/shops,2026-08-31T20:58:04.254973+00:00,,
Villbrygg,,Jacobs Holtet,"Ekebergveien 145, 1178 Oslo, Norway",Oslo,Norway,Shops,59.881396,10.786703,https://jacobs.no/Butikker/Jacobs/Jacobs-Holtet/,https://villbrygg.com/en/shops,2026-08-31T20:58:04.254973+00:00,,
Villbrygg,,Jacobs Majorstuen,"Essendropsgt. 9, 0368 Oslo, Norway",Oslo,Norway,Shops,59.929548,10.711713,https://jacobs.no/Butikker/Jacobs/Jacobs-Majorstuen/,https://villbrygg.com/en/shops,2026-08-31T20:58:04.254973+00:00,,
Villbrygg,,Juels Kolonial,"Meltzers gate 9, 0257 Oslo, Norway",Oslo,Norway,Shops,59.918162,10.719101,https://m.facebook.com/Juels33Kolonial/,https://villbrygg.com/en/shops,2026-08-31T20:58:04.254973+00:00,,
Villbrygg,,Kolibri Kolonial,"Damplassen 2, 0852 Oslo, Norway",Oslo,Norway,Shops,59.943849,10.732783,https://www.instagram.com/kolibrikolonial/?hl=en,https://villbrygg.com/en/shops,2026-08-31T20:58:04.254973+00:00,,
Villbrygg,,Mariholtet,"Mariholtveien 200, 1061 Oslo, Norway",Oslo,Norway,Shops,59.891645,10.907342,https://mariholtet.no/,https://villbrygg.com/en/shops,2026-08-31T20:58:04.254973+00:00,,
Villbrygg,,Meny - CC-Vest,"Lilleakerveien 16, 0283 Oslo, Norway",Oslo,Norway,Shops,59.917405,10.636047,https://meny.no/finn-butikk/,https://villbrygg.com/en/shops,2026-08-31T20:58:04.254973+00:00,,
Villbrygg,,Meny Alna,"strømsveien 245, 0668 Oslo, Norway",Oslo,Norway,Shops,59.9260008,10.847668,https://meny.no/finn-butikk/,https://villbrygg.com/en/shops,2026-08-31T20:58:04.254973+00:00,,
Villbrygg,,Meny Bjølsen,"Moldegata 1, 0445 Oslo, Norway",Oslo,Norway,Shops,59.943693,10.7608447,https://meny.no/finn-butikk/,https://villbrygg.com/en/shops,2026-08-31T20:58:04.254973+00:00,,
Villbrygg,,Meny Bogstadveien,"Bogstadv 36, 0366 Oslo, Norway",Oslo,Norway,Shops,59.926705,10.720348,https://meny.no/finn-butikk/,https://villbrygg.com/en/shops,2026-08-31T20:58:04.254973+00:00,,
Villbrygg,,Meny Bryn,"Østensjøveien 79, 0667 Oslo, Norway",Oslo,Norway,Shops,59.903192,10.822458,https://meny.no/finn-butikk/,https://villbrygg.com/en/shops,2026-08-31T20:58:04.254973+00:00,,
Villbrygg,,Meny Colosseum,"Sørkedalsveien 10 B, 0369 Oslo, Norway",Oslo,Norway,Shops,59.930729,10.709962,https://meny.no/finn-butikk/,https://villbrygg.com/en/shops,2026-08-31T20:58:04.254973+00:00,,
Villbrygg,,Meny Lambertseter,"Cecilie Thoresensvei 21, 1153 Oslo, Norway",Oslo,Norway,Shops,59.8761033,10.8102409,https://meny.no/finn-butikk/,https://villbrygg.com/en/shops,2026-08-31T20:58:04.254973+00:00,,
Villbrygg,,Meny Ringnes Park,"Sannergata 6 C, 0555 Oslo, Norway",Oslo,Norway,Shops,59.928591,10.76051,https://meny.no/finn-butikk/,https://villbrygg.com/en/shops,2026-08-31T20:58:04.254973+00:00,,
Villbrygg,,Meny Røa,"Vækerøv 205, 0751 Oslo, Norway",Oslo,Norway,Shops,59.947675,10.644781,https://meny.no/finn-butikk/,https://villbrygg.com/en/shops,2026-08-31T20:58:04.254973+00:00,,
Villbrygg,,Meny Skøyen,"Karenslyst Allé 9, 0278 Oslo, Norway",Oslo,Norway,Shops,59.920462,10.683641,https://meny.no/finn-butikk/,https://villbrygg.com/en/shops,2026-08-31T20:58:04.254973+00:00,,
Villbrygg,,Meny Tveita,"Tvetenv 150, 0671 Oslo, Norway",Oslo,Norway,Shops,59.913836,10.841898,https://meny.no/finn-butikk/,https://villbrygg.com/en/shops,2026-08-31T20:58:04.254973+00:00,,
Villbrygg,,Meny Vika,"Ruseløkkveien 26, 0251 Oslo, Norway",Oslo,Norway,Shops,59.912559,10.726927,https://meny.no/finn-butikk/,https://villbrygg.com/en/shops,2026-08-31T20:58:04.254973+00:00,,
Villbrygg,,Meny Vollebekk,"Brobekkveien 52, 0598 Oslo, Norway",Oslo,Norway,Shops,59.9363846,10.8262377,https://meny.no/finn-butikk/,https://villbrygg.com/en/shops,2026-08-31T20:58:04.254973+00:00,,
Villbrygg,,New Movements,"Nedre Slottsgate 8, 0157 Oslo, Norway",Oslo,Norway,Shops,59.912157,10.742756,https://newmovements.com/,https://villbrygg.com/en/shops,2026-08-31T20:58:04.254973+00:00,,
Villbrygg,,Røtter - Frogner,"Bygdøy allé 23, 0262 Oslo, Norway",Oslo,Norway,Shops,59.916534,10.712357,https://www.google.com/preferences?hl=en,https://villbrygg.com/en/shops,2026-08-31T20:58:04.254973+00:00,,
Villbrygg,,Røtter - Grünerløkka,"Thorvald Meyers gate 46, 0552 Oslo, Norway",Oslo,Norway,Shops,59.923109,10.759379,https://www.google.com/preferences?hl=en,https://villbrygg.com/en/shops,2026-08-31T20:58:04.254973+00:00,,
Villbrygg,,Røtter - St. Hanshaugen,"Ullevålsveien 39, 0171 Oslo, Norway",Oslo,Norway,Shops,59.923285,10.740012,https://www.roetter.no/,https://villbrygg.com/en/shops,2026-08-31T20:58:04.254973+00:00,,
Villbrygg,,Vinmonopolet - Aker Brygge,"Bryggegata 9, 0250 Oslo, Norway",Oslo,Norway,Shops,59.910636,10.725937,https://vinmonopolet.no,https://villbrygg.com/en/shops,2026-08-31T20:58:04.254973+00:00,,
Villbrygg,,Vinmonopolet - Briskeby,"Briskebyveien 48, 0259 Oslo, Norway",Oslo,Norway,Shops,59.920798,10.716697,https://vinmonopolet.no,https://villbrygg.com/en/shops,2026-08-31T20:58:04.254973+00:00,,
Villbrygg,,Vinmonopolet - Bryn,"Østensjøveien 79, 0667 Oslo, Norway",Oslo,Norway,Shops,59.903192,10.822458,https://vinmonopolet.no,https://villbrygg.com/en/shops,2026-08-31T20:58:04.254973+00:00,,
Villbrygg,,Vinmonopolet - Bøler,"Utmarkveien 1, 0689 Oslo, Norway",Oslo,Norway,Shops,59.882784,10.8497533,https://vinmonopolet.no,https://villbrygg.com/en/shops,2026-08-31T20:58:04.254973+00:00,,
Villbrygg,,Vinmonopolet - CC-Vest,"Lilleakerveien 16, 0283 Oslo, Norway",Oslo,Norway,Shops,59.917405,10.636047,https://vinmonopolet.no,https://villbrygg.com/en/shops,2026-08-31T20:58:04.254973+00:00,,
Villbrygg,,Vinmonopolet - Carl Berner,"Hasleveien 10, 0571 Oslo, Norway",Oslo,Norway,Shops,59.927616,10.778897,https://vinmonopolet.no,https://villbrygg.com/en/shops,2026-08-31T20:58:04.254973+00:00,,
Villbrygg,,Vinmonopolet - Frogner,"Elisenbergveien 37, 0265 Oslo, Norway",Oslo,Norway,Shops,59.918863,10.707313,https://vinmonopolet.no,https://villbrygg.com/en/shops,2026-08-31T20:58:04.254973+00:00,,
Villbrygg,,Vinmonopolet - Grorud,"Bergensveien 2, 0963 Oslo, Norway",Oslo,Norway,Shops,59.960451,10.881956,https://vinmonopolet.no,https://villbrygg.com/en/shops,2026-08-31T20:58:04.254973+00:00,,
Villbrygg,,Vinmonopolet - Grunerløkka,"Nordre gate 16, 0551 Oslo, Norway",Oslo,Norway,Shops,59.921163,10.757147,https://vinmonopolet.no,https://villbrygg.com/en/shops,2026-08-31T20:58:04.254973+00:00,,
Villbrygg,,Vinmonopolet - Grønland Basar,"Tøyengata 2, 0190 Oslo, Norway",Oslo,Norway,Shops,59.912783,10.763911,https://vinmonopolet.no,https://villbrygg.com/en/shops,2026-08-31T20:58:04.254973+00:00,,
Villbrygg,,Vinmonopolet - Hasle Torg,"Grenseveien 50, 0579 Oslo, Norway",Oslo,Norway,Shops,59.923566,10.792788,https://vinmonopolet.no,https://villbrygg.com/en/shops,2026-08-31T20:58:04.254973+00:00,,
Villbrygg,,Vinmonopolet - Holmlia Senter,"Holmlia Senter, Holmliaveien 7, 1255 Oslo, Norway",Oslo,Norway,Shops,59.835923,10.796456,https://vinmonopolet.no,https://villbrygg.com/en/shops,2026-08-31T20:58:04.254973+00:00,,
Villbrygg,,Vinmonopolet - Kiellandsplass,"Waldemar Thranes gate 72, 0175 Oslo, Norway",Oslo,Norway,Shops,59.928221,10.750506,https://vinmonopolet.no,https://villbrygg.com/en/shops,2026-08-31T20:58:04.254973+00:00,,
Villbrygg,,Vinmonopolet - Lambertseter,"Cecilie Thoresens vei 17, 1153 Oslo, Norway",Oslo,Norway,Shops,59.874914,10.810462,https://vinmonopolet.no,https://villbrygg.com/en/shops,2026-08-31T20:58:04.254973+00:00,,
Villbrygg,,Vinmonopolet - Linderud,"Erich Mogensøns vei 38, 0594 Oslo, Norway",Oslo,Norway,Shops,59.943242,10.835473,https://vinmonopolet.no,https://villbrygg.com/en/shops,2026-08-31T20:58:04.254973+00:00,,
Villbrygg,,Vinmonopolet - Manglerud,"Plogveien 6, 0679 Oslo, Norway",Oslo,Norway,Shops,59.89729,10.81286,https://vinmonopolet.no,https://villbrygg.com/en/shops,2026-08-31T20:58:04.254973+00:00,,
Villbrygg,,Vinmonopolet - Mortensrud,"Lofsrudveien 6, 1281 Oslo, Norway",Oslo,Norway,Shops,59.848419,10.829195,https://vinmonopolet.no,https://villbrygg.com/en/shops,2026-08-31T20:58:04.254973+00:00,,
Villbrygg,,Vinmonopolet - Oslo Alna Senter,"Alna Senter, Strømsveien 245, 0668 Oslo, Norway",Oslo,Norway,Shops,59.9274369,10.8475721,https://vinmonopolet.no,https://villbrygg.com/en/shops,2026-08-31T20:58:04.254973+00:00,,
Villbrygg,,Vinmonopolet - Oslo City,"Stenersgata 1, 0050 Oslo, Norway",Oslo,Norway,Shops,59.9124422,10.7520166,https://vinmonopolet.no,https://villbrygg.com/en/shops,2026-08-31T20:58:04.254973+00:00,,
Villbrygg,,Vinmonopolet - Oslo S,"Jernbanetorget 1, 0154 Oslo, Norway",Oslo,Norway,Shops,59.910875,10.750737,https://vinmonopolet.no,https://villbrygg.com/en/shops,2026-08-31T20:58:04.254973+00:00,,
Villbrygg,,Vinmonopolet - Oslo Valkyrien,"Valkyriegata 3, 0366 Oslo, Norway",Oslo,Norway,Shops,59.928273,10.718532,https://vinmonopolet.no,https://villbrygg.com/en/shops,2026-08-31T20:58:04.254973+00:00,,
Villbrygg,,"Vinmonopolet - Oslo, Nydalen","Nydalsveien 33, 0484 Oslo, Norway",Oslo,Norway,Shops,59.949565,10.765789,https://vinmonopolet.no,https://villbrygg.com/en/shops,2026-08-31T20:58:04.254973+00:00,,
Villbrygg,,"Vinmonopolet - Oslo,Vindern","Slemdalsveien 70A, 0370 Oslo, Norway",Oslo,Norway,Shops,59.9421842,10.7041009,https://vinmonopolet.no,https://villbrygg.com/en/shops,2026-08-31T20:58:04.254973+00:00,,
Villbrygg,,Vinmonopolet - Paleet,"Karl Johans gt. 37-43, 0162 Oslo, Norway",Oslo,Norway,Shops,59.914479,10.736939,https://vinmonopolet.no,https://villbrygg.com/en/shops,2026-08-31T20:58:04.254973+00:00,,
Villbrygg,,Vinmonopolet - Røa,"Tore Hals Mejdells vei 5, 0751 Oslo, Norway",Oslo,Norway,Shops,59.946188,10.643123,https://vinmonopolet.no,https://villbrygg.com/en/shops,2026-08-31T20:58:04.254973+00:00,,
Villbrygg,,Vinmonopolet - Sandaker,"Sandakerveien 59, 0477 Oslo, Norway",Oslo,Norway,Shops,59.938436,10.768478,https://vinmonopolet.no,https://villbrygg.com/en/shops,2026-08-31T20:58:04.254973+00:00,,
Villbrygg,,Vinmonopolet - Skøyen,"Karenslyst Allé 58, 0277 Oslo, Norway",Oslo,Norway,Shops,59.921212,10.67754,https://vinmonopolet.no,https://villbrygg.com/en/shops,2026-08-31T20:58:04.254973+00:00,,
Villbrygg,,Vinmonopolet - Steen & Strøm,"Kongens gate 23, 0157 Oslo, Norway",Oslo,Norway,Shops,59.9090653,10.7408324,https://vinmonopolet.no,https://villbrygg.com/en/shops,2026-08-31T20:58:04.254973+00:00,,
Villbrygg,,Vinmonopolet - Storo Shopping,"Storo Shopping, Vitaminveien 7, 0485 Oslo, Norway",Oslo,Norway,Shops,59.9464183,10.7743662,https://vinmonopolet.no,https://villbrygg.com/en/shops,2026-08-31T20:58:04.254973+00:00,,
Villbrygg,,Vinmonopolet - Stovner Senter,"Stovner Senter 3c, 0985 Oslo, Norway",Oslo,Norway,Shops,59.9621403,10.9228232,https://vinmonopolet.no,https://villbrygg.com/en/shops,2026-08-31T20:58:04.254973+00:00,,
Villbrygg,,Vinmonopolet - Sørkedalsveien,"Sørkedalsveien 10, 0369 Oslo, Norway",Oslo,Norway,Shops,59.930729,10.709962,https://vinmonopolet.no,https://villbrygg.com/en/shops,2026-08-31T20:58:04.254973+00:00,,
Villbrygg,,Vinmonopolet - Thereses Gate,"Thereses gate 31, 0354 Oslo, Norway",Oslo,Norway,Shops,59.928044,10.7313,https://vinmonopolet.no,https://villbrygg.com/en/shops,2026-08-31T20:58:04.254973+00:00,,
Villbrygg,,Vinmonopolet - Tveita,"Tvetenveien 150, 0671 Oslo, Norway",Oslo,Norway,Shops,59.913836,10.841898,https://vinmonopolet.no,https://villbrygg.com/en/shops,2026-08-31T20:58:04.254973+00:00,,
Villbrygg,,Vinmonopolet - Ullevål Stadion,"Sognsveien 75, 0840 Oslo, Norway",Oslo,Norway,Shops,59.949179,10.7320031,https://vinmonopolet.no,https://villbrygg.com/en/shops,2026-08-31T20:58:04.254973+00:00,,
Villbrygg,,Vinmonopolet - Lonevåg,"Arena, 5282 Lonevåg, Norway",Osterøy,Norway,Shops,60.5351793,5.4884622,https://vinmonopolet.no,https://villbrygg.com/en/shops,2026-08-31T20:58:04.254973+00:00,,
Villbrygg,,Vinmonopolet - Lakselv,"Torgsenteret, 9700 Lakselv, Norway",Porsanger,Norway,Shops,70.067044,24.9670639,https://vinmonopolet.no,https://villbrygg.com/en/shops,2026-08-31T20:58:04.254973+00:00,,
Villbrygg,,Meny Flåtten,"DEICHMANSGT.109, 3924 Porsgrunn, Norway",Porsgrunn,Norway,Shops,59.121553,9.659032,https://meny.no/finn-butikk/,https://villbrygg.com/en/shops,2026-08-31T20:58:04.254973+00:00,,
Villbrygg,,Meny Telemarksporten,"Prestemoen 6, 3946 Porsgrunn, Norway",Porsgrunn,Norway,Shops,59.1211664,9.7095761,https://meny.no/finn-butikk/,https://villbrygg.com/en/shops,2026-08-31T20:58:04.254973+00:00,,
Villbrygg,,Vinmonopolet - Porsgrunn,"Jernbanegata 3, 3916 Porsgrunn, Norway",Porsgrunn,Norway,Shops,59.139458,9.654835,https://vinmonopolet.no,https://villbrygg.com/en/shops,2026-08-31T20:58:04.254973+00:00,,
Villbrygg,,Vinmonopolet - Rakkestad,"Storgata 2, 1890 Rakkestad, Norway",Rakkestad,Norway,Shops,59.4276562,11.3401103,https://vinmonopolet.no,https://villbrygg.com/en/shops,2026-08-31T20:58:04.254973+00:00,,
Villbrygg,,Vinmonopolet - Mo I Rana,"Ole Tobias Olsens gate 1, 8622 Mo I Rana, Norway",Rana,Norway,Shops,66.3063542,14.1349077,https://vinmonopolet.no,https://villbrygg.com/en/shops,2026-08-31T20:58:04.254973+00:00,,
Villbrygg,,Vinmonopolet - Randaberg,"Jon Torbergssons vei 21, 4070 Randaberg, Norway",Randaberg,Norway,Shops,58.9983136,5.6175692,https://vinmonopolet.no,https://villbrygg.com/en/shops,2026-08-31T20:58:04.254973+00:00,,
Villbrygg,,Vinmonopolet - Åndalsnes,"Strandgata 8, 6300 Åndalsnes, Norway",Rauma,Norway,Shops,62.5692227,7.6861144,https://vinmonopolet.no,https://villbrygg.com/en/shops,2026-08-31T20:58:04.254973+00:00,,
Villbrygg,,Vinmonopolet - Hønefoss,"Kong Rings gate 1, 3510 Hønefoss, Norway",Ringerike,Norway,Shops,60.1647505,10.2546557,https://vinmonopolet.no,https://villbrygg.com/en/shops,2026-08-31T20:58:04.254973+00:00,,
Villbrygg,,Vinmonopolet - Brumunddal,"Mølla Storsenter, Brugata 16, 2380 Brumunddal, Norway",Ringsaker,Norway,Shops,60.8847073,10.9439971,https://vinmonopolet.no,https://villbrygg.com/en/shops,2026-08-31T20:58:04.254973+00:00,,
Villbrygg,,Vinmonopolet - Moelv,"Storgata 117, 2390 Moelv, Norway",Ringsaker,Norway,Shops,60.928523,10.701633,https://vinmonopolet.no,https://villbrygg.com/en/shops,2026-08-31T20:58:04.254973+00:00,,
Villbrygg,,Vinmonopolet - Rudshøgda,"Stolvstadvegen 2, 2360 Rudshøgda, Norway",Ringsaker,Norway,Shops,60.90932,10.814424,https://vinmonopolet.no,https://villbrygg.com/en/shops,2026-08-31T20:58:04.254973+00:00,,
Villbrygg,,Vinmonopolet - Risør,"Havnegata 2, 4950 Risør, Norway",Risør,Norway,Shops,58.72104,9.233803,https://vinmonopolet.no,https://villbrygg.com/en/shops,2026-08-31T20:58:04.254973+00:00,,
Villbrygg,,Vinmonopolet - Fjerdingby,"Tangerudvegen 1D, 2008 Fjerdingby, Norway",Rælingen,Norway,Shops,59.923879,11.064746,https://vinmonopolet.no,https://villbrygg.com/en/shops,2026-08-31T20:58:04.254973+00:00,,
Villbrygg,,Vinmonopolet - Røros,"Peder Hiortgata 7, 7374 Røros, Norway",Røros,Norway,Shops,62.575634,11.38116,https://vinmonopolet.no,https://villbrygg.com/en/shops,2026-08-31T20:58:04.254973+00:00,,
Villbrygg,,Vinmonopolet - Sjøvegan,"Strandveien 7, 9350 Sjøvegan, Norway",Salangen,Norway,Shops,68.875274,17.834444,https://vinmonopolet.no,https://villbrygg.com/en/shops,2026-08-31T20:58:04.254973+00:00,,
Villbrygg,,Fat og Fe,"Raveien 500, 3239 Sandefjord, Norway",Sandefjord,Norway,Shops,59.1939177,10.2279651,https://www.fatogfe.no/,https://villbrygg.com/en/shops,2026-08-31T20:58:04.254973+00:00,,
Villbrygg,,Meny Haslesenteret,"Nedre Gokstadvei 27, 3228 Sandefjord, Norway",Sandefjord,Norway,Shops,59.13914,10.242631,https://meny.no/finn-butikk/,https://villbrygg.com/en/shops,2026-08-31T20:58:04.254973+00:00,,
Villbrygg,,Meny Indre Havn,"Kilgata 25, 3217 Sandefjord, Norway",Sandefjord,Norway,Shops,59.1278411,10.241363,https://meny.no/finn-butikk/,https://villbrygg.com/en/shops,2026-08-31T20:58:04.254973+00:00,,
Villbrygg,,Vinmonopolet - Sandefjord,"Jernbanealleen 13, 3210 Sandefjord, Norway",Sandefjord,Norway,Shops,59.1293585,10.2252725,https://vinmonopolet.no,https://villbrygg.com/en/shops,2026-08-31T20:58:04.254973+00:00,,
Villbrygg,,Vinmonopolet - Stokke,"Frederik Stangs Gate 1, 3160 Stokke, Norway",Sandefjord,Norway,Shops,59.221446,10.302456,https://vinmonopolet.no,https://villbrygg.com/en/shops,2026-08-31T20:58:04.254973+00:00,,
Villbrygg,,Helgø Meny Kvadrat,"Gamle Stokkavei 1, 4313 Sandnes, Norway",Sandnes,Norway,Shops,58.8762653,5.7217727,https://meny.no/finn-butikk/,https://villbrygg.com/en/shops,2026-08-31T20:58:04.254973+00:00,,
Villbrygg,,Helgø Meny Sandved,"Asheimveien 2, 4318 Sandnes, Norway",Sandnes,Norway,Shops,58.846103,5.716475,https://meny.no/finn-butikk/,https://villbrygg.com/en/shops,2026-08-31T20:58:04.254973+00:00,,
Villbrygg,,Vinmonopolet - Kvadrat Sandnes,"Gamle Stokkavei 1, 4313 Sandnes, Norway",Sandnes,Norway,Shops,58.8762653,5.7217727,https://vinmonopolet.no,https://villbrygg.com/en/shops,2026-08-31T20:58:04.254973+00:00,,
Villbrygg,,Løkkevika Handel,"Løkkevikveien 351, 1747 Skjeberg, Norway",Sarpsborg,Norway,Shops,59.153366,11.193705,https://www.facebook.com/lokkevikahandel/,https://villbrygg.com/en/shops,2026-08-31T20:58:04.254973+00:00,,
Villbrygg,,Vinmonopolet - Sarpsborg,"Roald Amundsens gate 36, 1723 Sarpsborg, Norway",Sarpsborg,Norway,Shops,59.2833257,11.1075069,https://vinmonopolet.no,https://villbrygg.com/en/shops,2026-08-31T20:58:04.254973+00:00,,
Villbrygg,,Vinmonopolet - Sarpsborg Borg,"Klokkergårdveien 31, 1711 Sarpsborg, Norway",Sarpsborg,Norway,Shops,59.274033,11.08291,https://vinmonopolet.no,https://villbrygg.com/en/shops,2026-08-31T20:58:04.254973+00:00,,
Villbrygg,,Vinmonopolet - Sauda,"Torggata 1, 4200 Sauda, Norway",Sauda,Norway,Shops,59.6500687,6.3550409,https://vinmonopolet.no,https://villbrygg.com/en/shops,2026-08-31T20:58:04.254973+00:00,,
Villbrygg,,Vinmonopolet - Otta,"Johan Nygårds gate 12, 2670 Otta, Norway",Sel,Norway,Shops,61.7714322,9.5402288,https://vinmonopolet.no,https://villbrygg.com/en/shops,2026-08-31T20:58:04.254973+00:00,,
Villbrygg,,Vinmonopolet - Finnsnes,"Meierigata 2, 9300 Finnsnes, Norway",Senja,Norway,Shops,69.228005,17.977426,https://vinmonopolet.no,https://villbrygg.com/en/shops,2026-08-31T20:58:04.254973+00:00,,
Villbrygg,,Meny Myren,"Sliperivegen 11, 3718 Skien, Norway",Skien,Norway,Shops,59.2007368,9.588843,https://meny.no/finn-butikk/,https://villbrygg.com/en/shops,2026-08-31T20:58:04.254973+00:00,,
Villbrygg,,Meny Saga,"Telemarksveien 14, 3734 Skien, Norway",Skien,Norway,Shops,59.1862,9.61113,https://meny.no/finn-butikk/,https://villbrygg.com/en/shops,2026-08-31T20:58:04.254973+00:00,,
Villbrygg,,Vinmonopolet - Gråtenmoen,"Telemarksvegen 14, 3734 Skien, Norway",Skien,Norway,Shops,59.1858576,9.6138584,https://vinmonopolet.no,https://villbrygg.com/en/shops,2026-08-31T20:58:04.254973+00:00,,
Villbrygg,,Vinmonopolet - Skien,"Liegata 10, 3717 Skien, Norway",Skien,Norway,Shops,59.2104069,9.6049814,https://vinmonopolet.no,https://villbrygg.com/en/shops,2026-08-31T20:58:04.254973+00:00,,
Villbrygg,,Vinmonopolet - Sogndal,"Hovevegen 8, 6856 Sogndal, Norway",Sogndal,Norway,Shops,61.2320124,7.1026208,https://vinmonopolet.no,https://villbrygg.com/en/shops,2026-08-31T20:58:04.254973+00:00,,
Villbrygg,,Clarion Hotel Air,"Utsolaarmen 16, 4055 Sola, Norway",Sola,Norway,Restaurants & bars,58.8881633,5.6209305,https://www.strawberryhotels.com/hotels/norway/sola/clarion-hotel-air/,https://villbrygg.com/en/shops,2026-08-31T20:58:04.254973+00:00,,
Villbrygg,,Vinmonopolet - Sola,"Solakrossvegen 2, 4050 Sola, Norway",Sola,Norway,Shops,58.8824269,5.6525037,https://vinmonopolet.no,https://villbrygg.com/en/shops,2026-08-31T20:58:04.254973+00:00,,
Villbrygg,,Lille Kvitnes Kafe,"Torggata 15, 8400 Sortland, Norway",Sortland,Norway,Restaurants & bars,68.694604,15.416738,https://www.kvitnes.com/lille-kvitnes-kafe,https://villbrygg.com/en/shops,2026-08-31T20:58:04.254973+00:00,,
Villbrygg,,Vinmonopolet - Sortland,"Strandgata 24, 8400 Sortland, Norway",Sortland,Norway,Shops,68.6943635,15.4161171,https://vinmonopolet.no,https://villbrygg.com/en/shops,2026-08-31T20:58:04.254973+00:00,,
Villbrygg,,Vinmonopolet - Nordfjordeid,"Moengården Vest, Sjøgata 21, 6770 Nordfjordeid, Norway",Stad,Norway,Shops,61.908613,5.985357,https://vinmonopolet.no,https://villbrygg.com/en/shops,2026-08-31T20:58:04.254973+00:00,,
Villbrygg,,Vinmonopolet - Stange,"Heggedalsvegen 15, 2335 Stange, Norway",Stange,Norway,Shops,60.716986,11.191966,https://vinmonopolet.no,https://villbrygg.com/en/shops,2026-08-31T20:58:04.254973+00:00,,
Villbrygg,,Bellies,"Støperigata 6, 4014 Stavanger, Norway",Stavanger,Norway,Restaurants & bars,58.971295,5.751976,http://bellies.no/,https://villbrygg.com/en/shops,2026-08-31T20:58:04.254973+00:00,,
Villbrygg,,Matsalen,"Lagerveien 2, 4033 Stavanger, Norway",Stavanger,Norway,Restaurants & bars,58.8957702,5.7018563,https://matsalen.no/,https://villbrygg.com/en/shops,2026-08-31T20:58:04.254973+00:00,,
Villbrygg,,Restaurant K2,"Pedersgata 69, 4013 Stavanger, Norway",Stavanger,Norway,Restaurants & bars,58.969679,5.746112,https://www.restaurantk2.no/,https://villbrygg.com/en/shops,2026-08-31T20:58:04.254973+00:00,,
Villbrygg,,Helgø Meny Herbarium,"Lars Hertervigs gate 6, 4005 Stavanger, Norway",Stavanger,Norway,Shops,58.9698659,5.7283009,https://meny.no/finn-butikk/,https://villbrygg.com/en/shops,2026-08-31T20:58:04.254973+00:00,,
Villbrygg,,Helgø Meny Mariero,"Breidablikkveien 3, 4017 Stavanger, Norway",Stavanger,Norway,Shops,58.9348612,5.7404668,https://meny.no/finn-butikk/,https://villbrygg.com/en/shops,2026-08-31T20:58:04.254973+00:00,,
Villbrygg,,Ullandhaug Gårdsbutikk,"Ullandhaugveien 150, 4021 Stavanger, Norway",Stavanger,Norway,Shops,58.9421669,5.7003541,https://www.ullandhauggardsbutikk.no/,https://villbrygg.com/en/shops,2026-08-31T20:58:04.254973+00:00,,
Villbrygg,,Vinmonopolet - Hinna,"Jåttåvågveien 7, 4020 Stavanger, Norway",Stavanger,Norway,Shops,58.914907,5.729386,https://vinmonopolet.no,https://villbrygg.com/en/shops,2026-08-31T20:58:04.254973+00:00,,
Villbrygg,,Vinmonopolet - Madla,"Madlakrossen 9, 4042 Hafrsfjord, Norway",Stavanger,Norway,Shops,58.9522366,5.6795349,https://vinmonopolet.no,https://villbrygg.com/en/shops,2026-08-31T20:58:04.254973+00:00,,
Villbrygg,,Vinmonopolet - Stavanger Herbarium,"Lars Hertervigs gate 6, 4005 Stavanger, Norway",Stavanger,Norway,Shops,58.9698659,5.7283009,https://vinmonopolet.no,https://villbrygg.com/en/shops,2026-08-31T20:58:04.254973+00:00,,
Villbrygg,,Vinmonopolet - Stavanger Hillevåg,"Gartnerveien 15, 4016 Stavanger, Norway",Stavanger,Norway,Shops,58.9481535,5.7408119,https://vinmonopolet.no,https://villbrygg.com/en/shops,2026-08-31T20:58:04.254973+00:00,,
Villbrygg,,Vinmonopolet - Stavanger Tasta,"Tastatunet 1, 4027 Stavanger, Norway",Stavanger,Norway,Shops,58.9840002,5.6911066,https://vinmonopolet.no,https://villbrygg.com/en/shops,2026-08-31T20:58:04.254973+00:00,,
Villbrygg,,Vinmonopolet - Stavanger Verksgata,"Verksgata 1A, 4013 Stavanger, Norway",Stavanger,Norway,Shops,58.9715297,5.7368801,https://vinmonopolet.no,https://villbrygg.com/en/shops,2026-08-31T20:58:04.254973+00:00,,
Villbrygg,,Vinmonopolet - Steinkjer,"Sjøfartsgata 6, 7714 Steinkjer, Norway",Steinkjer,Norway,Shops,64.010284,11.4925386,https://vinmonopolet.no,https://villbrygg.com/en/shops,2026-08-31T20:58:04.254973+00:00,,
Villbrygg,,Gjøken Bar,"Kjøpmannsgata 38, 7500 Stjørdal, Norway",Stjørdal,Norway,Restaurants & bars,63.4679196,10.928119,https://gjoken.bar/,https://villbrygg.com/en/shops,2026-08-31T20:58:04.254973+00:00,,
Villbrygg,,Vinmonopolet - Stjørdal,"Torgkvartalet, Stokmovegen 2, 7500 Stjørdal, Norway",Stjørdal,Norway,Shops,63.4687715,10.924266,https://vinmonopolet.no,https://villbrygg.com/en/shops,2026-08-31T20:58:04.254973+00:00,,
Villbrygg,,Vinmonopolet - Stord,"Hamnegata 11, 5411 Stord, Norway",Stord,Norway,Shops,59.7785062,5.4993071,https://vinmonopolet.no,https://villbrygg.com/en/shops,2026-08-31T20:58:04.254973+00:00,,
Villbrygg,,Vinmonopolet - Jørpeland,"Rådhusgaten 14a, 4100 Jørpeland, Norway",Strand,Norway,Shops,59.0239063,6.0430192,https://vinmonopolet.no,https://villbrygg.com/en/shops,2026-08-31T20:58:04.254973+00:00,,
Villbrygg,,Vinmonopolet - Stryn,"Tonningsgata 4, 6783 Stryn, Norway",Stryn,Norway,Shops,61.9033608,6.7190612,https://vinmonopolet.no,https://villbrygg.com/en/shops,2026-08-31T20:58:04.254973+00:00,,
Villbrygg,,Vinmonopolet - Sunndal,"Sunndalsvegen 17, 6600 Sunndalsøra, Norway",Sunndal,Norway,Shops,62.672669,8.567833,https://vinmonopolet.no,https://villbrygg.com/en/shops,2026-08-31T20:58:04.254973+00:00,,
Villbrygg,,Erketunet Gardsbakeri,"Storehagen 9, 6800 Førde, Norway",Sunnfjord,Norway,Shops,61.4521195,5.8506082,https://www.facebook.com/Erketunet-Gardsbakeri-1663203503918289,https://villbrygg.com/en/shops,2026-08-31T20:58:04.254973+00:00,,
Villbrygg,,Vinmonopolet - Førde,"Handelshuset, Naustdalsvegen 4, 6800 Førde, Norway",Sunnfjord,Norway,Shops,61.4525464,5.8505311,https://vinmonopolet.no,https://villbrygg.com/en/shops,2026-08-31T20:58:04.254973+00:00,,
Villbrygg,,Vinmonopolet - Surnadal,"Skeivegen 3, 6650 Surnadal, Norway",Surnadal,Norway,Shops,62.974069,8.727212,https://vinmonopolet.no,https://villbrygg.com/en/shops,2026-08-31T20:58:04.254973+00:00,,
Villbrygg,,Vinmonopolet - Sykkylven,"Pilgata 1, 6230 Sykkylven, Norway",Sykkylven,Norway,Shops,62.3918798,6.5804212,https://vinmonopolet.no,https://villbrygg.com/en/shops,2026-08-31T20:58:04.254973+00:00,,
Villbrygg,,Vinmonopolet - Hov,"Hovlandsvegen 1, 2860 Hov, Norway",Søndre Land,Norway,Shops,60.6957227,10.3534924,https://vinmonopolet.no,https://villbrygg.com/en/shops,2026-08-31T20:58:04.254973+00:00,,
Villbrygg,,Vinmonopolet - Bagn,"Storebruvegen 3-5, 2930 Bagn, Norway",Sør-Aurdal,Norway,Shops,60.822754,9.553248,https://vinmonopolet.no,https://villbrygg.com/en/shops,2026-08-31T20:58:04.254973+00:00,,
Villbrygg,,Vinmonopolet - Skarnes,"Bruvegen 19, 2100 Skarnes, Norway",Sør-Odal,Norway,Shops,60.2548952,11.6800168,https://vinmonopolet.no,https://villbrygg.com/en/shops,2026-08-31T20:58:04.254973+00:00,,
Villbrygg,,Vinmonopolet - Kirkenes,"Storgata 2, 9900 Kirkenes, Norway",Sør-Varanger,Norway,Shops,69.72801,30.037606,https://vinmonopolet.no,https://villbrygg.com/en/shops,2026-08-31T20:58:04.254973+00:00,,
Villbrygg,,Vinmonopolet - Bryne,"M44 Kjøpesenter, Jupitervegen 2, 4340 Bryne, Norway",Time,Norway,Shops,58.7356,5.63998,https://vinmonopolet.no,https://villbrygg.com/en/shops,2026-08-31T20:58:04.254973+00:00,,
Villbrygg,,Vinmonopolet - Rjukan,"Storgata 17, 3660 Rjukan, Norway",Tinn,Norway,Shops,59.8792929,8.5914653,https://vinmonopolet.no,https://villbrygg.com/en/shops,2026-08-31T20:58:04.254973+00:00,,
Villbrygg,,Vinmonopolet - Evenskjer,"Prix Senteret, Fv115, 9440 Evenskjer, Norway",Tjeldsund,Norway,Shops,,,https://vinmonopolet.no,https://villbrygg.com/en/shops,2026-08-31T20:58:04.254973+00:00,,
Villbrygg,,Smørtorget,"Fredrik Langes gate 9, 9008 Tromsø, Norway",Tromsø,Norway,Cafés & bakeries,69.6495435,18.9599898,https://www.facebook.com/Smortorget,https://villbrygg.com/en/shops,2026-08-31T20:58:04.254973+00:00,,
Villbrygg,,Fiskekompaniet Tromsø,"Killengreens gate, 9008 Tromsø, Norway",Tromsø,Norway,Restaurants & bars,69.6498285,18.959691,https://fiskekompani.no/,https://villbrygg.com/en/shops,2026-08-31T20:58:04.254973+00:00,,
Villbrygg,,Mathallen Tromsø,"Grønnegata 60, 9008 Tromsø, Norway",Tromsø,Norway,Restaurants & bars,69.648955,18.953365,https://www.mathallentromso.no/,https://villbrygg.com/en/shops,2026-08-31T20:58:04.254973+00:00,,
Villbrygg,,Eide Handel,"Fjordvegen 16, 9107 Eidkjosen, Norway",Tromsø,Norway,Shops,69.679204,18.746074,https://eidehandel.no/,https://villbrygg.com/en/shops,2026-08-31T20:58:04.254973+00:00,,
Villbrygg,,Tøllefsenhjørnet,"Storgata 49, 9008 Tromsø, Norway",Tromsø,Norway,Shops,69.647677,18.953938,http://tollefsenhjornet.no/,https://villbrygg.com/en/shops,2026-08-31T20:58:04.254973+00:00,,
Villbrygg,,Vinmonopolet - Tromsdalen,"Solstrandvegen 47, 9020 Tromsdalen, Norway",Tromsø,Norway,Shops,69.6399623,18.9708619,https://vinmonopolet.no,https://villbrygg.com/en/shops,2026-08-31T20:58:04.254973+00:00,,
Villbrygg,,Vinmonopolet - Tromsø Langnes,"Jekta Kjøpesenter, Heilovegen, 9014 Tromsø, Norway",Tromsø,Norway,Shops,69.674918,18.925281,https://vinmonopolet.no,https://villbrygg.com/en/shops,2026-08-31T20:58:04.254973+00:00,,
Villbrygg,,Vinmonopolet - Tromsø Sentrum,"Nerstranda 9, 9008 Tromsø, Norway",Tromsø,Norway,Shops,69.646207,18.95449,https://vinmonopolet.no,https://villbrygg.com/en/shops,2026-08-31T20:58:04.254973+00:00,,
Villbrygg,,Credo,"Ladeveien 9, 7066 Trondheim, Norway",Trondheim,Norway,Restaurants & bars,63.4422278,10.4363671,https://restaurantcredo.no/,https://villbrygg.com/en/shops,2026-08-31T20:58:04.254973+00:00,,
Villbrygg,,Meny Solsiden,"Beddingen 12, 7042 Trondheim, Norway",Trondheim,Norway,Shops,63.4351996,10.4109899,https://meny.no/finn-butikk/,https://villbrygg.com/en/shops,2026-08-31T20:58:04.254973+00:00,,
Villbrygg,,Vinmonopolet - Tiller City Syd,"Østre Rosten 28-30, 7075 Tiller, Norway",Trondheim,Norway,Shops,63.3619123,10.3789422,https://vinmonopolet.no,https://villbrygg.com/en/shops,2026-08-31T20:58:04.254973+00:00,,
Villbrygg,,Vinmonopolet - Trondheim Byåsen,"Gamle Oslovei 1, 7020 Trondheim, Norway",Trondheim,Norway,Shops,63.4173964,10.3539651,https://vinmonopolet.no,https://villbrygg.com/en/shops,2026-08-31T20:58:04.254973+00:00,,
Villbrygg,,Vinmonopolet - Trondheim Heimdal,"Ringvålvegen 3-7, 7080 Heimdal, Norway",Trondheim,Norway,Shops,63.3515349,10.354883,https://vinmonopolet.no,https://villbrygg.com/en/shops,2026-08-31T20:58:04.254973+00:00,,
Villbrygg,,Vinmonopolet - Trondheim Lade,"Haakon VII's gt 9, City Lade, 7041 Trondheim, Norway",Trondheim,Norway,Shops,,,https://vinmonopolet.no,https://villbrygg.com/en/shops,2026-08-31T20:58:04.254973+00:00,,
Villbrygg,,Vinmonopolet - Trondheim Ne,"Beddingen 11, Bassengtomta, 7014 Trondheim, Norway",Trondheim,Norway,Shops,,,https://vinmonopolet.no,https://villbrygg.com/en/shops,2026-08-31T20:58:04.254973+00:00,,
Villbrygg,,Vinmonopolet - Trondheim Olav Tryggvason,"Olav Tryggvasons gt. 28, 7011 Trondheim, Norway",Trondheim,Norway,Shops,63.433354,10.396248,https://vinmonopolet.no,https://villbrygg.com/en/shops,2026-08-31T20:58:04.254973+00:00,,
Villbrygg,,Vinmonopolet - Trondheim Sirkus Shopping,"Falkenborgvegen 5, 7044 Trondheim, Norway",Trondheim,Norway,Shops,63.4364017,10.4561589,https://vinmonopolet.no,https://villbrygg.com/en/shops,2026-08-31T20:58:04.254973+00:00,,
Villbrygg,,Vinmonopolet - Trondheim Torg,"Kongens gate 9, 7013 Trondheim, Norway",Trondheim,Norway,Shops,63.430362,10.393718,https://vinmonopolet.no,https://villbrygg.com/en/shops,2026-08-31T20:58:04.254973+00:00,,
Villbrygg,,Vinmonopolet - Trondheim Valentinlyst,"Anders Estenstads veg 16, 7046 Trondheim, Norway",Trondheim,Norway,Shops,63.4249856,10.442589,https://vinmonopolet.no,https://villbrygg.com/en/shops,2026-08-31T20:58:04.254973+00:00,,
Villbrygg,,Vinmonopolet - Trysil,"Storvegen 2, 2420 Trysil, Norway",Trysil,Norway,Shops,61.3169693,12.2610695,https://vinmonopolet.no,https://villbrygg.com/en/shops,2026-08-31T20:58:04.254973+00:00,,
Villbrygg,,Vinmonopolet - Tvedestrand,"Hovedgata 44, 4900 Tvedestrand, Norway",Tvedestrand,Norway,Shops,58.6240384,8.9277853,https://vinmonopolet.no,https://villbrygg.com/en/shops,2026-08-31T20:58:04.254973+00:00,,
Villbrygg,,Vinmonopolet - Tynset,"Brugata 20, 2500 Tynset, Norway",Tynset,Norway,Shops,62.278747,10.7731726,https://vinmonopolet.no,https://villbrygg.com/en/shops,2026-08-31T20:58:04.254973+00:00,,
Villbrygg,,Meny Aksdal,"Rådhusvegen 45, 5570 Aksdal, Norway",Tysvær,Norway,Shops,59.4220168,5.4444624,https://meny.no/finn-butikk/,https://villbrygg.com/en/shops,2026-08-31T20:58:04.254973+00:00,,
Villbrygg,,Vinmonopolet - Aksdal,"Rådhusvegen 45, 5570 Aksdal, Norway",Tysvær,Norway,Shops,59.4220168,5.4444624,https://vinmonopolet.no,https://villbrygg.com/en/shops,2026-08-31T20:58:04.254973+00:00,,
Villbrygg,,Meny Jarlsberg,"Travveien 1, 3170 Sem, Norway",Tønsberg,Norway,Shops,59.280293,10.364955,https://meny.no/finn-butikk/,https://villbrygg.com/en/shops,2026-08-31T20:58:04.254973+00:00,,
Villbrygg,,Vinmonopolet - Re,"Kåpeveien 7, 3174 Revetal, Norway",Tønsberg,Norway,Shops,59.3717417,10.2643065,https://vinmonopolet.no,https://villbrygg.com/en/shops,2026-08-31T20:58:04.254973+00:00,,
Villbrygg,,Vinmonopolet - Tønsberg,"Stoltenbergs gate 1, 3110 Tønsberg, Norway",Tønsberg,Norway,Shops,59.269239,10.410306,https://vinmonopolet.no,https://villbrygg.com/en/shops,2026-08-31T20:58:04.254973+00:00,,
Villbrygg,,Vinmonopolet - Jessheim,"Ringvegen 4, 2050 Jessheim, Norway",Ullensaker,Norway,Shops,60.1424038,11.1753203,https://vinmonopolet.no,https://villbrygg.com/en/shops,2026-08-31T20:58:04.254973+00:00,,
Villbrygg,,Vinmonopolet - Kløfta,"Trondheimsveien 86, 2040 Kløfta, Norway",Ullensaker,Norway,Shops,60.076127,11.136117,https://vinmonopolet.no,https://villbrygg.com/en/shops,2026-08-31T20:58:04.254973+00:00,,
Villbrygg,,Vinmonopolet - Odda,"Eitrheimsvegen 32, 5750 Odda, Norway",Ullensvang,Norway,Shops,60.0702789,6.5422077,https://vinmonopolet.no,https://villbrygg.com/en/shops,2026-08-31T20:58:04.254973+00:00,,
Villbrygg,,Vinmonopolet - Ulsteinvik,"Blåhuset, Vikemyra 1, 6065 Ulsteinvik, Norway",Ulstein,Norway,Shops,62.342812,5.8485058,https://vinmonopolet.no,https://villbrygg.com/en/shops,2026-08-31T20:58:04.254973+00:00,,
Villbrygg,,Vinmonopolet - Vadsø,"Strandgata 8, 9800 Vadsø, Norway",Vadsø,Norway,Shops,70.072021,29.74925,https://vinmonopolet.no,https://villbrygg.com/en/shops,2026-08-31T20:58:04.254973+00:00,,
Villbrygg,,Vinmonopolet - Mosjøen,"Smågan 2, 8657 Mosjøen, Norway",Vefsn,Norway,Shops,65.839766,13.190365,https://vinmonopolet.no,https://villbrygg.com/en/shops,2026-08-31T20:58:04.254973+00:00,,
Villbrygg,,Vinmonopolet - Vennesla,"Venneslamoen 23, 4700 Vennesla, Norway",Vennesla,Norway,Shops,58.270908,7.970417,https://vinmonopolet.no,https://villbrygg.com/en/shops,2026-08-31T20:58:04.254973+00:00,,
Villbrygg,,Vinmonopolet - Verdal,"Amfiseneret, Jernbanegata 11, 7650 Verdal, Norway",Verdal,Norway,Shops,63.791852,11.48525,https://vinmonopolet.no,https://villbrygg.com/en/shops,2026-08-31T20:58:04.254973+00:00,,
Villbrygg,,Vinmonopolet - Son,"Båtbyggerveien 21, 1555 Son, Norway",Vestby,Norway,Shops,59.525899,10.688762,https://vinmonopolet.no,https://villbrygg.com/en/shops,2026-08-31T20:58:04.254973+00:00,,
Villbrygg,,Vinmonopolet - Vestby,"Senterveien 8, 1540 Vestby, Norway",Vestby,Norway,Shops,59.603986,10.743185,https://vinmonopolet.no,https://villbrygg.com/en/shops,2026-08-31T20:58:04.254973+00:00,,
Villbrygg,,Vinmonopolet - Raufoss,"Storgata 49, 2830 Raufoss, Norway",Vestre Toten,Norway,Shops,60.7289379,10.6143432,https://vinmonopolet.no,https://villbrygg.com/en/shops,2026-08-31T20:58:04.254973+00:00,,
Villbrygg,,Hattvika Lodge,"Hattvikveien 14, 8373 Ballstad, Norway",Vestvågøy,Norway,Hotel,68.071493,13.546727,http://www.hattvikalodge.no/,https://villbrygg.com/en/shops,2026-08-31T20:58:04.254973+00:00,,
Villbrygg,,Vinmonopolet - Leknes,"Lofotsenteret, Storgata 8, 8370 Leknes, Norway",Vestvågøy,Norway,Shops,68.1484826,13.6163465,https://vinmonopolet.no,https://villbrygg.com/en/shops,2026-08-31T20:58:04.254973+00:00,,
Villbrygg,,Vinmonopolet - Ølen,"Sandeidvegen 3, 5580 Ølen, Norway",Vindafjord,Norway,Shops,59.603801,5.807342,https://vinmonopolet.no,https://villbrygg.com/en/shops,2026-08-31T20:58:04.254973+00:00,,
Villbrygg,,Lega,"Linutvegen 2, 3864 Rauland, Norway",Vinje,Norway,Shops,59.6957046,8.0708372,http://www.lega.no/,https://villbrygg.com/en/shops,2026-08-31T20:58:04.254973+00:00,,
Villbrygg,,Vinmonopolet - Vinje,"Vinjevegen 176, 3890 Vinje, Norway",Vinje,Norway,Shops,59.568151,7.990471,https://vinmonopolet.no,https://villbrygg.com/en/shops,2026-08-31T20:58:04.254973+00:00,,
Villbrygg,,Vinmonopolet - Volda,"Industrigata 12, 6100 Volda, Norway",Volda,Norway,Shops,62.144366,6.0722893,https://vinmonopolet.no,https://villbrygg.com/en/shops,2026-08-31T20:58:04.254973+00:00,,
Villbrygg,,Vinmonopolet - Voss,"Sverresplassen 6, 5700 Vossevangen, Norway",Voss,Norway,Shops,60.629109,6.4241649,https://vinmonopolet.no,https://villbrygg.com/en/shops,2026-08-31T20:58:04.254973+00:00,,
Villbrygg,,Trevarefabrikken,"Dreyers gate 72, 8312 Henningsvær, Norway",Vågan,Norway,Restaurants & bars,68.15302,14.199922,http://trevarefabrikken.no/,https://villbrygg.com/en/shops,2026-08-31T20:58:04.254973+00:00,,
Villbrygg,,Vinmonopolet - Svolvær,"Lofotgata 33, 8300 Svolvær, Norway",Vågan,Norway,Shops,68.2332933,14.5590583,https://vinmonopolet.no,https://villbrygg.com/en/shops,2026-08-31T20:58:04.254973+00:00,,
Villbrygg,,Vinmonopolet - Åfjord,"Nedre Årnes 2, 7170 Åfjord, Norway",Åfjord,Norway,Shops,63.959756,10.22529,https://vinmonopolet.no,https://villbrygg.com/en/shops,2026-08-31T20:58:04.254973+00:00,,
Villbrygg,,Vinmonopolet - Ål,"Myren 23, 3570 Ål, Norway",Ål,Norway,Shops,60.630602,8.563182,https://vinmonopolet.no,https://villbrygg.com/en/shops,2026-08-31T20:58:04.254973+00:00,,
Villbrygg,,Apotekergata No. 5,"Apotekergata, 6004 Ålesund, Norway",Ålesund,Norway,Restaurants & bars,62.4711019,6.1511574,https://www.apotekergata5.no/,https://villbrygg.com/en/shops,2026-08-31T20:58:04.254973+00:00,,
Villbrygg,,Hotel Brosundet,"Apotekergata 1, 6004 Ålesund, Norway",Ålesund,Norway,Restaurants & bars,62.472535,6.15228,https://www.brosundet.no/en,https://villbrygg.com/en/shops,2026-08-31T20:58:04.254973+00:00,,
Villbrygg,,Vinmonopolet - Digerneset,"Digerneset Næringspark, 6260 Skodje, Norway",Ålesund,Norway,Shops,62.4937684,6.6085328,https://vinmonopolet.no,https://villbrygg.com/en/shops,2026-08-31T20:58:04.254973+00:00,,
Villbrygg,,Vinmonopolet - Moa Ålesund,"Stormoa, Langelandsvegen 35, 6010 Ålesund, Norway",Ålesund,Norway,Shops,62.465537,6.353067,https://vinmonopolet.no,https://villbrygg.com/en/shops,2026-08-31T20:58:04.254973+00:00,,
Villbrygg,,Frisørstova,"Storevegen 26, 6884 Øvre Årdal, Norway",Årdal,Norway,Shops,61.3107952,7.8033684,https://www.facebook.com/p/Fris%C3%B8rstova-100063537521364/?locale=nb_NO,https://villbrygg.com/en/shops,2026-08-31T20:58:04.254973+00:00,,
Villbrygg,,Vinmonopolet - Vinterbro,"Sjøskogenveien 7, 1407 Vinterbro, Norway",Ås,Norway,Shops,59.7397337,10.7712965,https://vinmonopolet.no,https://villbrygg.com/en/shops,2026-08-31T20:58:04.254973+00:00,,
Villbrygg,,Vinmonopolet - Ås,"Rådhusplassen 23, 1430 Ås, Norway",Ås,Norway,Shops,59.6646738,10.7906823,https://vinmonopolet.no,https://villbrygg.com/en/shops,2026-08-31T20:58:04.254973+00:00,,
Villbrygg,,Vinmonopolet - Flisa,"Kaffegata 9, 2270 Flisa, Norway",Åsnes,Norway,Shops,60.6126481,12.01028,https://vinmonopolet.no,https://villbrygg.com/en/shops,2026-08-31T20:58:04.254973+00:00,,
Villbrygg,,Vinmonopolet - Brekstad,"Yrjars gate 33, 7130 Brekstad, Norway",Ørland,Norway,Shops,63.69232,9.661051,https://vinmonopolet.no,https://villbrygg.com/en/shops,2026-08-31T20:58:04.254973+00:00,,
Villbrygg,,Vinmonopolet - Ørsta,"Amfi Ørsta, Vikeøyrane 4, 6150 Ørsta, Norway",Ørsta,Norway,Shops,62.1976493,6.1253398,https://vinmonopolet.no,https://villbrygg.com/en/shops,2026-08-31T20:58:04.254973+00:00,,
Villbrygg,,Vinmonopolet - Lena,"Rådhusgata 27, 2850 Lena, Norway",Østre Toten,Norway,Shops,60.677514,10.818415,https://vinmonopolet.no,https://villbrygg.com/en/shops,2026-08-31T20:58:04.254973+00:00,,
Villbrygg,,Vinmonopolet - Hokksund,"Tangengata 2-4, 3300 Hokksund, Norway",Øvre Eiker,Norway,Shops,59.769525,9.910725,https://vinmonopolet.no,https://villbrygg.com/en/shops,2026-08-31T20:58:04.254973+00:00,,
Villbrygg,,Vinmonopolet - Øyer,"Kongsvegen 10, 2636 Øyer, Norway",Øyer,Norway,Shops,61.243744,10.438671,https://vinmonopolet.no,https://villbrygg.com/en/shops,2026-08-31T20:58:04.254973+00:00,,
Villbrygg,,Vinmonopolet - Sotra,"Sartor Senter, 5353 Straume, Norway",Øygarden,Norway,Shops,60.3601295,5.1245707,https://vinmonopolet.no,https://villbrygg.com/en/shops,2026-08-31T20:58:04.254973+00:00,,
Villbrygg,,Vinmonopolet - Beitostølen,"Bygdinvegen 3764, 2953 Beitostølen, Norway",Øystre Slidre,Norway,Shops,61.2466847,8.9103347,https://vinmonopolet.no,https://villbrygg.com/en/shops,2026-08-31T20:58:04.254973+00:00,,
